frame,x,y,xVelocity,yVelocity,thetayaw,timestamp,speed_mps,steering_percentage,accx,accy,driving_mode
62,458499.6734,4400245.353,0.002164964,0.006495356,-0.317266296,1676356873,0,-0.361702114,-0.025045515,0.007920912,1
63,458499.673,4400245.352,0.000877334,0.006874139,-0.317253154,1676356873,0,-0.361702114,0.010386123,0.014069238,1
64,458499.6726,4400245.352,0.00059622,0.00649788,-0.317257436,1676356873,0,-0.361702114,0.005562411,-0.015303221,1
65,458499.6726,4400245.353,0.002383836,0.007357406,-0.317249527,1676356874,0,-0.361702114,-0.020990766,0.014161199,1
66,458499.6727,4400245.354,0.00034518,0.008023162,-0.317249521,1676356874,0,-0.361702114,-0.011441913,0.022170951,1
67,458499.6728,4400245.354,0.000675896,0.008046729,-0.317250032,1676356874,0,-0.361702114,0.023763222,-0.014109072,1
68,458499.6729,4400245.355,0.001780668,0.008471812,-0.31726877,1676356874,0,-0.361702114,0.001877537,0.001431471,1
69,458499.6731,4400245.356,0.000814581,0.0088069,-0.317271182,1676356874,0,-0.361702114,-0.021273851,0.012243985,1
70,458499.6739,4400245.354,-6.11E-05,0.003032327,-0.317090408,1676356874,0,-0.361702114,0.027395961,-0.015131974,1
71,458499.6737,4400245.353,0.001440994,0.003173907,-0.317081315,1676356874,0,-0.361702114,-0.00253234,-0.006459917,1
72,458499.6736,4400245.352,0.000867823,0.003949196,-0.317088525,1676356874,0,-0.361702114,-0.005182251,0.014474984,1
73,458499.6734,4400245.352,0.000223891,0.003863688,-0.317090467,1676356874,0,-0.361702114,-0.002115468,0.013112326,1
74,458499.6732,4400245.351,0.001268799,0.003577787,-0.317104523,1676356875,0,-0.361702114,0.007887217,-0.013635603,1
75,458499.6733,4400245.351,0.001484135,0.003538154,-0.31710852,1676356875,0,-0.361702114,-0.013920917,0.003870956,1
76,458499.6734,4400245.351,0.000269759,0.004078558,-0.317113338,1676356875,0,-0.361702114,-0.003308802,0.011902505,1
77,458499.6734,4400245.352,0.000503419,0.003794189,-0.317104612,1676356875,0,-0.361702114,0.013853325,-0.002613837,1
78,458499.6735,4400245.352,0.000983652,0.004006151,-0.317086059,1676356875,0,-0.361702114,-0.01670821,0.00209184,1
79,458499.6736,4400245.353,0.000712158,0.004356407,-0.317091052,1676356875,0,-0.361702114,0.0067815,0.005139457,1
80,458499.6743,4400245.351,-0.000889412,0.000396589,-0.317119549,1676356875,0,-0.361702114,-0.019386705,-0.011626978,1
81,458499.6737,4400245.35,-0.001109328,0.000742574,-0.317115516,1676356875,0,-0.361702114,0.015769097,-0.012185736,1
82,458499.6731,4400245.35,-0.000547207,0.000676589,-0.317126181,1676356875,0,-0.361702114,0.003109673,-0.001797766,1
83,458499.6726,4400245.349,-0.00146205,0.001001183,-0.317124373,1676356875,0,-0.361702114,-0.001801559,0.014972714,1
84,458499.6719,4400245.349,-0.001647199,0.001916419,-0.317138336,1676356876,0,-0.361702114,0.002715064,-0.007633036,1
85,458499.6716,4400245.349,-0.001889589,0.001210563,-0.317156354,1676356876,0,-0.361702114,-0.005583033,-0.008239524,1
86,458499.6714,4400245.349,-0.002505635,0.002161784,-0.317180793,1676356876,0,-0.361702114,-0.003664207,0.022140553,1
87,458499.6712,4400245.349,-0.00245977,0.002707563,-0.317190184,1676356876,0,-0.361702114,-0.004866944,-0.002095895,1
88,458499.671,4400245.349,-0.00171982,0.002553277,-0.317195603,1676356876,0,-0.361702114,0.004051119,0.001431594,1
89,458499.6708,4400245.35,-0.002299602,0.002763161,-0.317209176,1676356876,0,-0.361702114,-0.003290845,0.002128814,1
90,458499.6715,4400245.348,-0.001760638,-9.72E-05,-0.316968103,1676356876,0,-0.361702114,-0.014730942,0.014982932,1
91,458499.6712,4400245.347,-0.001293436,0.000116978,-0.316972071,1676356876,0,-0.361702114,0.015210419,-0.008351141,1
92,458499.671,4400245.347,-0.001223018,8.89E-05,-0.316982729,1676356876,0,-0.361702114,0.000348603,-0.003302579,1
93,458499.6707,4400245.347,-0.001974087,0.000377263,-0.316985847,1676356876,0,-0.361702114,0.013866384,-0.010734,1
94,458499.6704,4400245.346,-0.001744411,0.000341564,-0.316997282,1676356877,0,-0.361702114,0.022846484,-0.002179047,1
95,458499.6702,4400245.346,-0.002201283,0.00079866,-0.317003313,1676356877,0,-0.361702114,-0.015052795,0.005518271,1
96,458499.6699,4400245.346,-0.003807005,0.000937628,-0.317022973,1676356877,0,-0.361702114,-0.018433417,-0.009158541,1
97,458499.6695,4400245.346,-0.003842725,0.000861535,-0.317018645,1676356877,0,-0.361702114,0.015044167,0.003270745,1
98,458499.6692,4400245.347,-0.003199193,0.001264318,-0.31703879,1676356877,0,-0.361702114,0.004250556,-0.001443569,1
99,458499.6688,4400245.347,-0.00434493,0.001959239,-0.317053387,1676356877,0,-0.361702114,-0.010259414,0.006654745,1
100,458499.6697,4400245.346,-0.001654377,0.003542162,-0.316842562,1676356877,0,-0.361702114,0.02198506,0.001062802,1
101,458499.6699,4400245.347,-0.001665168,0.003279171,-0.316848737,1676356877,0,-0.361702114,0.011178868,-0.008096358,1
102,458499.6701,4400245.348,-0.001368661,0.003790861,-0.316834967,1676356877,0,-0.361702114,-0.006008695,0.012120264,1
103,458499.6702,4400245.349,-0.00211437,0.00429449,-0.316836082,1676356877,0,-0.361702114,0.000440677,0.003832616,1
104,458499.6703,4400245.35,-0.001554032,0.003566014,-0.316847438,1676356878,0,-0.361702114,0.00142299,-0.002717154,1
105,458499.6703,4400245.35,-0.001450797,0.004014626,-0.316856304,1676356878,0,-0.361702114,-0.015011491,0.003417055,1
106,458499.6702,4400245.351,-0.001289798,0.004422456,-0.316866576,1676356878,0,-0.361702114,0.017606741,0.003459288,1
107,458499.6701,4400245.351,-0.001435226,0.004630974,-0.316875709,1676356878,0,-0.361702114,-0.008432557,0.004117098,1
108,458499.6699,4400245.352,-0.001139246,0.004581536,-0.316881625,1676356878,0,-0.361702114,0.019478027,0.004530896,1
109,458499.6698,4400245.352,-0.000928785,0.00502131,-0.316888591,1676356878,0,-0.361702114,-0.000334645,0.005914434,1
110,458499.6711,4400245.351,0.001115205,0.002657467,-0.316656766,1676356878,0,-0.361702114,0.006416113,-0.008083009,1
111,458499.6715,4400245.35,0.001141931,0.002757774,-0.31666182,1676356878,0,-0.361702114,0.001151637,-0.002661052,1
112,458499.6719,4400245.35,0.001162034,0.003046977,-0.316652547,1676356878,0,-0.361702114,-0.005461613,0.00654675,1
113,458499.6723,4400245.351,0.001153473,0.003785965,-0.316645686,1676356878,0,-0.361702114,0.008606293,0.002906307,1
114,458499.6726,4400245.351,0.000698911,0.003084725,-0.316648834,1676356879,0,-0.361702114,-0.003932738,-0.015235601,1
115,458499.6728,4400245.351,0.000770213,0.003872976,-0.316652735,1676356879,0,-0.361702114,-0.002442688,0.013252028,1
116,458499.6729,4400245.351,0.000971892,0.004154174,-0.316652122,1676356879,0,-0.361702114,0.003292963,0.012860174,1
117,458499.673,4400245.352,0.000816017,0.004681635,-0.316659694,1676356879,0,-0.361702114,-0.001373505,-0.003172472,1
118,458499.673,4400245.352,-0.000288207,0.0050802,-0.316668014,1676356879,0,-0.361702114,0.001857043,0.002797581,1
119,458499.673,4400245.353,3.34E-05,0.005153926,-0.316667464,1676356879,0,-0.361702114,-0.003981987,0.01189577,1
120,458499.6735,4400245.351,-0.001171,0.002489229,-0.316458722,1676356879,0,-0.361702114,-0.002002444,-0.005388462,1
121,458499.6729,4400245.351,-0.001595698,0.002966044,-0.31646768,1676356879,0,-0.361702114,-0.002998962,0.003425112,1
122,458499.6723,4400245.351,-0.000887997,0.00262308,-0.316495502,1676356879,0,-0.361702114,0.007170465,-0.006402582,1
123,458499.6717,4400245.351,-0.000820556,0.002680009,-0.316508788,1676356879,0,-0.361702114,-0.008233079,0.015344182,1
124,458499.6711,4400245.351,-0.001555881,0.002800207,-0.316515465,1676356880,0,-0.361702114,-0.007143248,-0.00185482,1
125,458499.6708,4400245.351,-0.001675515,0.002685967,-0.316521657,1676356880,0,-0.361702114,0.005882754,0.005859653,1
126,458499.6707,4400245.351,-0.001748256,0.00295015,-0.316508886,1676356880,0,-0.361702114,-0.009964817,0.004397092,1
127,458499.6705,4400245.352,-0.002680664,0.003378059,-0.316506594,1676356880,0,-0.361702114,-0.01895043,0.009344409,1
128,458499.6701,4400245.352,-0.003261838,0.003723339,-0.31652439,1676356880,0,-0.361702114,-0.010609986,0.003159057,1
129,458499.6699,4400245.352,-0.002974545,0.003367345,-0.316519258,1676356880,0,-0.361702114,0.001451015,0.005863673,1
130,458499.6704,4400245.35,-0.003356502,-0.001697405,-0.316597359,1676356880,0,-0.361702114,-0.016425094,-0.002519112,1
131,458499.6699,4400245.349,-0.003771914,-0.001653766,-0.316607271,1676356880,0,-0.361702114,-0.010465235,0.000727226,1
132,458499.6694,4400245.348,-0.003687177,-0.001946021,-0.316614759,1676356880,0,-0.361702114,0.009642819,0.000955472,1
133,458499.6689,4400245.347,-0.004778634,-0.00176471,-0.316609615,1676356880,0,-0.361702114,-0.014056827,0.008494915,1
134,458499.6682,4400245.346,-0.005255977,-0.001752405,-0.316618658,1676356881,0,-0.361702114,-0.006062679,0.001983362,1
135,458499.6677,4400245.346,-0.005525872,-0.001404842,-0.316614344,1676356881,0,-0.361702114,-0.001213127,0.005308715,1
136,458499.6671,4400245.346,-0.006321221,-0.001343413,-0.316614242,1676356881,0,-0.361702114,0.003852642,-0.008720551,1
137,458499.6664,4400245.346,-0.007330499,-0.000835154,-0.316598901,1676356881,0,-0.361702114,-0.016465199,0.000124417,1
138,458499.6657,4400245.346,-0.007721226,-0.00011725,-0.316609763,1676356881,0,-0.361702114,-0.015854336,0.000411257,1
139,458499.6649,4400245.346,-0.007910888,0.000415897,-0.31660841,1676356881,0,-0.361702114,-0.015122061,0.02216233,1
140,458499.6655,4400245.344,-0.006434877,0.001520593,-0.316639161,1676356881,0,-0.361702114,0.000114449,-0.001565432,1
141,458499.6651,4400245.345,-0.006581541,0.00203,-0.316649643,1676356881,0,-0.361702114,-0.001858812,0.003334045,1
142,458499.6648,4400245.346,-0.006511428,0.002680073,-0.31665739,1676356881,0,-0.361702114,-0.005721392,0.003626861,1
143,458499.6645,4400245.347,-0.007758507,0.002716901,-0.316661525,1676356881,0,-0.361702114,0.002610724,0.006044282,1
144,458499.664,4400245.348,-0.006943889,0.004242762,-0.316678933,1676356882,0,-0.212765962,0.016939413,0.02674075,1
145,458499.6634,4400245.348,-0.00729855,0.006325076,-0.316731842,1676356882,0,2.361702204,-0.005174259,0.007541732,1
146,458499.6626,4400245.349,-0.008642197,0.003841417,-0.316714387,1676356882,0,7.510638237,-0.003111566,-0.033309212,1
147,458499.6619,4400245.349,-0.003161286,0.003304219,-0.316574104,1676356882,0,12.1276598,0.094245271,0.006056292,1
148,458499.6619,4400245.349,0.004253598,-0.001557335,-0.31640848,1676356882,0,17.1702137,0.06847079,-0.080724331,1
149,458499.663,4400245.348,0.018461976,-0.009790641,-0.315936807,1676356882,0,24.57446861,0.16913304,-0.060115089,1
150,458499.6676,4400245.345,0.03986345,-0.015471808,-0.315361234,1676356882,0,30.97872353,0.200238395,0.011860436,1
151,458499.6741,4400245.343,0.066716518,-0.01899301,-0.31514483,1676356882,0,29.78723335,0.232048289,-0.078710083,1
152,458499.6823,4400245.34,0.086612808,-0.033632631,-0.314797949,1676356882,0,30.29787254,0.213003512,-0.142621233,1
153,458499.6926,4400245.336,0.111013026,-0.040658264,-0.314077258,1676356882,0,30.36170197,0.288933148,-0.012707935,1
154,458499.7064,4400245.331,0.138889168,-0.045436608,-0.313433013,1676356883,0,30.63829803,0.279317207,-0.114961194,1
155,458499.7209,4400245.326,0.161015855,-0.05781218,-0.312594265,1676356883,0,30.8297863,0.212520348,-0.103357639,1
156,458499.7391,4400245.319,0.188835207,-0.064201304,-0.311388422,1676356883,0,31.10638237,0.277680486,-0.055632103,1
157,458499.7601,4400245.312,0.216396467,-0.072813452,-0.310144557,1676356883,0,31.14893532,0.27205021,-0.116285165,1
158,458499.7781,4400245.306,0.235157919,-0.080865192,-0.308988459,1676356883,0,31.19149017,0.247844173,-0.100491074,1
159,458499.8082,4400245.295,0.266892615,-0.089167117,-0.307009165,1676356883,0,31.21276665,0.260768365,-0.051794607,1
160,458499.8336,4400245.283,0.291413855,-0.104528358,-0.305083268,1676356883,0,31.21276665,0.280439933,-0.102943918,1
161,458499.8678,4400245.268,0.32359117,-0.116709581,-0.302865379,1676356883,0.277777791,31.31914902,0.279237633,-0.086045255,1
162,458499.9002,4400245.255,0.355190453,-0.123625809,-0.300775206,1676356883,0.319444448,33.70212936,0.298213204,-0.065857511,1
163,458499.9384,4400245.239,0.383078013,-0.135081445,-0.298194044,1676356883,0.355555564,39.46808624,0.253651871,-0.128161554,1
164,458499.9761,4400245.224,0.406621679,-0.146793875,-0.295111525,1676356884,0.388888896,46.02127838,0.23138131,-0.117107452,1
165,458500.0161,4400245.209,0.428214413,-0.155339705,-0.291120994,1676356884,0.413888901,52.53191376,0.223782386,-0.084179046,1
166,458500.0617,4400245.192,0.450387553,-0.161431415,-0.285695931,1676356884,0.449999988,61.46808624,0.212633246,-0.054668758,1
167,458500.1094,4400245.175,0.468716642,-0.168288354,-0.279087289,1676356884,0.483333319,69.14893341,0.164751926,-0.121544965,1
168,458500.1629,4400245.155,0.489900124,-0.172425167,-0.270572288,1676356884,0.516666651,74.3191452,0.222872017,-0.01969702,1
169,458500.2108,4400245.138,0.510886025,-0.176556583,-0.262494866,1676356884,0.544444442,77.78723145,0.208582562,-0.091154672,1
170,458500.2683,4400245.118,0.542372344,-0.184405451,-0.25340473,1676356884,0.577777803,81.02127838,0.26475964,-0.052497514,1
171,458500.3232,4400245.101,0.569821498,-0.182241715,-0.243700869,1676356884,0.611111104,82.59574127,0.305947553,0.021886167,1
172,458500.3711,4400245.087,0.589753211,-0.183681339,-0.235273739,1676356884,0.641666651,85.46808624,0.226174877,-0.040871982,1
173,458500.4401,4400245.066,0.617417566,-0.189656773,-0.222191869,1676356884,0.672222197,86.10638428,0.269408584,-0.010478234,1
174,458500.5074,4400245.047,0.649339259,-0.18381449,-0.20927291,1676356885,0.705555558,86.70212555,0.32495229,0.021727876,1
175,458500.5657,4400245.03,0.675442486,-0.184452955,-0.197988524,1676356885,0.74444443,87.40425873,0.269951195,-0.056318737,1
176,458500.6318,4400245.012,0.705277069,-0.187513832,-0.184882403,1676356885,0.780555546,87.0851059,0.318295624,0.028669928,1
177,458500.7129,4400244.991,0.744519134,-0.18114892,-0.16890827,1676356885,0.813888907,86.55319214,0.335753701,0.065707311,1
178,458500.7858,4400244.974,0.775734085,-0.172729905,-0.155013037,1676356885,0.855555534,85.17021179,0.317300064,0.07485681,1
179,458500.8681,4400244.955,0.80926962,-0.168740072,-0.139525143,1676356885,0.883333325,84.02127838,0.32200632,0.008756736,1
180,458500.9447,4400244.935,0.853036647,-0.175625991,-0.125335872,1676356885,0.919444442,81.36170197,0.404541455,0.097722831,1
181,458501.0379,4400244.914,0.896030134,-0.164877582,-0.109211375,1676356885,0.961111128,79.0851059,0.437000988,0.107447735,1
182,458501.1279,4400244.895,0.934915914,-0.156417221,-0.094415399,1676356885,0.991666675,76.14893341,0.416393186,0.087730263,1
183,458501.2372,4400244.874,0.979252559,-0.147160693,-0.076933772,1676356885,1.024999976,73.63829803,0.451548019,0.10766077,1
184,458501.3356,4400244.857,1.025007203,-0.135269185,-0.0619794,1676356886,1.063888907,70.0851059,0.495693758,0.14957031,1
185,458501.4279,4400244.845,1.069460879,-0.12133632,-0.048522185,1676356886,1.105555534,66.3191452,0.497286801,0.157859621,1
186,458501.5327,4400244.834,1.115732049,-0.108324873,-0.034113493,1676356886,1.144444466,62.10638428,0.478590034,0.137435345,1
187,458501.6702,4400244.821,1.180295777,-0.088335534,-0.016381605,1676356886,1.180555582,58.78723526,0.58518229,0.178455351,1
188,458501.7861,4400244.813,1.236815346,-0.072085503,-0.002704456,1676356886,1.227777719,53.6595726,0.582102097,0.180022062,1
189,458501.9181,4400244.806,1.303684213,-0.048432373,0.011103678,1676356886,1.280555606,47.76595688,0.660994625,0.222667511,1
190,458502.0455,4400244.805,1.360178637,-0.017368967,0.023168321,1676356886,1.330555558,42.61701965,0.623465964,0.142375121,1
191,458502.1887,4400244.807,1.423262497,0.003442155,0.035368333,1676356886,1.383333325,37.3404274,0.609265065,0.239914408,1
192,458502.3265,4400244.812,1.478946256,0.024153948,0.045511248,1676356886,1.436111093,31.68085098,0.52301684,0.204592577,1
193,458502.4815,4400244.818,1.5331906,0.048989755,0.054966853,1676356886,1.477777719,23.68085098,0.545836223,0.290928481,1
194,458502.6042,4400244.827,1.571179027,0.07331174,0.06072254,1676356887,1.524999976,16.29787254,0.441629256,0.321745849,1
195,458502.7954,4400244.836,1.614938736,0.093945228,0.066345571,1676356887,1.552777767,9.063829422,0.286634359,0.093156881,1
196,458502.9515,4400244.845,1.637888466,0.103928636,0.068748887,1676356887,1.586111069,1.489361644,0.251040537,0.099834033,1
197,458503.1099,4400244.855,1.660473827,0.113764531,0.06897312,1676356887,1.611111164,-6.702127457,0.209239768,0.082334066,1
198,458503.2835,4400244.866,1.677081522,0.125349082,0.066623294,1676356887,1.630555511,-12.23404217,0.138378726,0.09732725,1
199,458503.4182,4400244.875,1.692921374,0.125468566,0.063216414,1676356887,1.655555606,-18.53191566,0.283373099,-0.062850302,1
200,458503.6248,4400244.886,1.73640241,0.11374905,0.056124658,1676356887,1.694444418,-23.63829803,0.335150147,-0.006251827,1
201,458503.7642,4400244.893,1.769861407,0.114166353,0.049714224,1676356887,1.736111164,-27.59574509,0.456676443,-0.017001476,1
202,458503.9796,4400244.903,1.834717102,0.099841803,0.038248899,1676356887,1.780555606,-30.31914902,0.546742194,-0.096206483,1
203,458504.1726,4400244.911,1.89315813,0.090349376,0.02660731,1676356887,1.838888884,-33.06383133,0.5927471,-0.20734824,1
204,458504.3565,4400244.916,1.955807408,0.060462181,0.014883416,1676356888,1.905555606,-34.59574509,0.633007782,-0.33235648,1
205,458504.5466,4400244.918,2.018119268,0.044828526,0.002374468,1676356888,1.969444394,-35.97872162,0.664695806,-0.033521726,1
206,458504.7268,4400244.921,2.077260701,0.027629666,-0.01017951,1676356888,2.033333302,-36.23404312,0.662721135,-0.3687749,1
207,458504.9294,4400244.92,2.145502344,-0.015359139,-0.024107702,1676356888,2.102777719,-36.38298035,0.676082028,-0.291881117,1
208,458505.1919,4400244.915,2.230947145,-0.042084713,-0.042097103,1676356888,2.177777767,-36.40425491,0.694368713,-0.272395938,1
209,458505.3727,4400244.91,2.291238575,-0.067280142,-0.054786764,1676356888,2.258333445,-36.42553329,0.778367406,-0.360926084,1
210,458505.636,4400244.898,2.380054682,-0.120586851,-0.072861109,1676356888,2.316666603,-36.3404274,0.770445568,-0.459505386,1
211,458505.908,4400244.881,2.468261475,-0.169035362,-0.091437882,1676356888,2.405555487,-35.80850983,0.801614669,-0.481780243,1
212,458506.1489,4400244.862,2.540221867,-0.217535196,-0.107620583,1676356888,2.497222185,-34.95744705,0.758867193,-0.424116289,1
213,458506.4177,4400244.837,2.618152487,-0.272278361,-0.125340517,1676356888,2.569444418,-33.95744705,0.723606237,-0.615280686,1
214,458506.716,4400244.802,2.703015873,-0.333653633,-0.144353084,1676356889,2.63055563,-32.9148941,0.783918383,-0.49165748,1
215,458506.9566,4400244.77,2.770291947,-0.381022799,-0.159146435,1676356889,2.733333349,-31.10638237,0.773486245,-0.665905415,1
216,458507.2482,4400244.724,2.843932052,-0.454249021,-0.175998603,1676356889,2.802777767,-29.29787254,0.704181134,-0.563028145,1
217,458507.5243,4400244.677,2.915162308,-0.509042694,-0.190954289,1676356889,2.883333445,-27.38297844,0.680642144,-0.595704514,1
218,458507.8071,4400244.623,2.985597628,-0.572164211,-0.205317189,1676356889,2.944444418,-25.48936081,0.724763668,-0.591217667,1
219,458508.0966,4400244.564,3.05268008,-0.631560658,-0.218910686,1676356889,3.049999952,-23.19149017,0.679207236,-0.623058296,1
220,458508.4169,4400244.491,3.121357691,-0.698254493,-0.232923848,1676356889,3.108333349,-21.40425491,0.919060908,-0.730733232,1
221,458508.7431,4400244.413,3.18104146,-0.761278362,-0.245860763,1676356889,3.194444418,-19.21276665,0.22823601,-0.646050725,1
222,458509.0491,4400244.336,3.238886233,-0.819423832,-0.256602959,1676356889,3.258333445,-16.76595688,0.800981894,-0.736842252,1
223,458509.3085,4400244.267,3.284450462,-0.856234524,-0.264604135,1676356889,3.327777863,-14.57446766,0.682789259,-0.384619541,1
224,458509.7042,4400244.158,3.346115349,-0.916188031,-0.275473791,1676356890,3.383333445,-12.72340393,0.48337073,-0.405405305,1
225,458510.0536,4400244.058,3.393427295,-0.971364518,-0.283427648,1676356890,3.447222233,-10.89361668,0.609312611,-0.636852099,1
226,458510.381,4400243.961,3.442171318,-1.005908298,-0.289677258,1676356890,3.50555563,-9.063829422,0.562554465,-0.30140827,1
227,458510.7406,4400243.853,3.485732301,-1.048485962,-0.295529129,1676356890,3.566666603,-7.787233829,0.485111268,-0.437310396,1
228,458511.0483,4400243.757,3.523263682,-1.079202328,-0.299687406,1676356890,3.608333349,-6.680850983,0.476118829,-0.322215999,1
229,458511.4449,4400243.632,3.571961796,-1.11619325,-0.304229735,1676356890,3.661111116,-5.893617153,0.411812917,-0.324245629,1
230,458511.788,4400243.517,3.605756841,-1.154832352,-0.30779884,1676356890,3.716666698,-5.212766171,0.4074529,-0.23625317,1
231,458512.0755,4400243.42,3.637826083,-1.177944637,-0.310505589,1676356890,3.766666651,-4.80851078,0.425378617,-0.285258305,1
232,458512.4832,4400243.282,3.682275584,-1.205777197,-0.313954297,1676356890,3.808333397,-4.446808338,0.370797418,-0.302915835,1
233,458512.8656,4400243.151,3.725665584,-1.231369039,-0.316858183,1676356890,3.849999905,-4.063829899,0.420388275,-0.208852628,1
234,458513.2227,4400243.028,3.763995333,-1.254980693,-0.319315075,1676356891,3.900000095,-3.808510542,0.424450893,-0.268570424,1
235,458513.5546,4400242.914,3.798149505,-1.27631612,-0.321422669,1676356891,3.944444418,-3.617021322,0.383779323,-0.240399239,1
236,458514.0121,4400242.757,3.845151528,-1.305579927,-0.32434107,1676356891,3.99444437,-3.468085051,0.415185249,-0.291759604,1
237,458514.4133,4400242.618,3.88662169,-1.330386285,-0.32668454,1676356891,4.033333302,-3.340425491,0.386397859,-0.307996626,1
238,458514.7872,4400242.487,3.921882758,-1.355757213,-0.328675828,1676356891,4.080555439,-3.255319118,0.326431307,-0.252880636,1
239,458515.1964,4400242.343,3.964745005,-1.375159046,-0.330805051,1676356891,4.11944437,-3.063829899,0.475808341,-0.216800019,1
240,458515.5796,4400242.205,4.004563004,-1.400527732,-0.332733866,1676356891,4.175000191,-2.872340441,0.330193481,-0.211519765,1
241,458515.9975,4400242.055,4.043669481,-1.427016256,-0.334720743,1676356891,4.213889122,-2.680850983,0.395929966,-0.253447889,1
242,458516.3545,4400241.926,4.077665062,-1.447109875,-0.336207085,1676356891,4.261111259,-2.276595831,0.398269389,-0.1225974,1
243,458516.9449,4400241.712,4.13351613,-1.475941919,-0.338122096,1676356891,4.305555344,-1.765957475,0.464976499,-0.223935726,1
244,458517.3431,4400241.567,4.173585402,-1.493226658,-0.33899259,1676356892,4.358333111,-1.297872305,0.384055266,-0.132859941,1
245,458517.7783,4400241.408,4.214013047,-1.519545231,-0.339706031,1676356892,4.408333302,-0.702127635,0.358981819,-0.299784436,1
246,458518.1837,4400241.259,4.252022,-1.535399194,-0.33984213,1676356892,4.447222233,-0.361702114,0.351016709,-0.114069024,1
247,458518.627,4400241.096,4.292705499,-1.555835262,-0.339569203,1676356892,4.491666794,0.212765962,0.347058018,-0.142827114,1
248,458519.04,4400240.944,4.333793045,-1.566750653,-0.338813687,1676356892,4.538888931,0.787234068,0.501399672,0.074796337,1
249,458519.4942,4400240.777,4.391390451,-1.571788205,-0.337906999,1676356892,4.577777863,1.276595712,0.406740323,-0.168305379,1
250,458519.9188,4400240.624,4.427166968,-1.587266183,-0.336436453,1676356892,4.61944437,1.744680882,0.378722126,-0.08357793,1
251,458520.3831,4400240.457,4.476098403,-1.592278734,-0.334299821,1676356892,4.666666508,2.276595831,0.3557361,-0.04617318,1
252,458520.816,4400240.302,4.515688543,-1.600704586,-0.33194601,1676356892,4.711111069,2.702127695,0.428770496,-0.072499547,1
253,458521.2529,4400240.147,4.560394972,-1.599441355,-0.329167647,1676356892,4.75,3.063829899,0.468661399,-0.010839403,1
254,458521.7303,4400239.979,4.607541652,-1.59724283,-0.325968264,1676356893,4.800000191,3.361702204,0.509063103,0.044146579,1
255,458522.211,4400239.81,4.655116119,-1.599441064,-0.322564166,1676356893,4.836111069,3.553191423,0.468949897,-0.082135673,1
256,458522.6213,4400239.667,4.69208058,-1.60062575,-0.319345343,1676356893,4.888888836,3.723404169,0.424075199,0.058708141,1
257,458523.1107,4400239.499,4.74002087,-1.593230587,-0.315409804,1676356893,4.922222137,3.893616915,0.373510677,0.028095929,1
258,458523.5666,4400239.344,4.781078529,-1.588337179,-0.311673245,1676356893,4.958333492,3.957446814,0.423497789,0.037708283,1
259,458524.0281,4400239.187,4.829903949,-1.585952917,-0.308064837,1676356893,5.00555563,4.106382847,0.483180771,0.043211624,1
260,458524.5321,4400239.019,4.874814082,-1.582569239,-0.303719481,1676356893,5.055555344,4.148936272,0.410471585,0.045969012,1
261,458525.0016,4400238.864,4.917820025,-1.567860426,-0.29950142,1676356893,5.088889122,4.276595592,0.41140615,0.233691562,1
262,458525.515,4400238.698,4.965495577,-1.560551385,-0.294997472,1676356893,5.122222424,4.297872543,0.408059967,0.054458368,1
263,458525.9931,4400238.545,5.009586199,-1.553367785,-0.29072526,1676356893,5.169444561,4.212766171,0.475977418,0.230002719,1
264,458526.5159,4400238.38,5.054720038,-1.543867534,-0.286127849,1676356894,5.213889122,4.021276474,0.390704258,0.079986301,1
265,458527.0022,4400238.23,5.09958332,-1.530093116,-0.281959188,1676356894,5.25,3.787234068,0.449528029,0.194949011,1
266,458527.5339,4400238.069,5.146356061,-1.516079369,-0.27787855,1676356894,5.283333302,3.617021322,0.459255679,0.009623405,1
267,458528.0289,4400237.922,5.189044733,-1.501804858,-0.274322187,1676356894,5.336111069,3.340425491,0.456052379,0.162478179,1
268,458528.5696,4400237.763,5.229120819,-1.506203054,-0.27054389,1676356894,5.366666794,3.127659559,0.388695383,0.003338426,1
269,458529.1585,4400237.59,5.283728349,-1.490136677,-0.266920896,1676356894,5.400000095,2.957446814,0.443562485,0.064235228,1
270,458529.6686,4400237.445,5.324364976,-1.480845197,-0.263821678,1676356894,5.430555344,2.680850983,0.436476957,0.055976918,1
271,458530.1396,4400237.314,5.362682314,-1.468326954,-0.261263066,1676356894,5.474999905,2.617021322,0.40841892,0.082359979,1
272,458530.7434,4400237.148,5.40773585,-1.460260784,-0.258023693,1676356894,5.511111259,2.510638237,0.506285238,-0.031984428,1
273,458531.3091,4400236.993,5.4536192,-1.46533222,-0.254790686,1676356894,5.547222137,2.553191423,0.399348339,-0.111220833,1
274,458531.8351,4400236.851,5.496445518,-1.458642864,-0.251889559,1676356895,5.591666698,2.553191423,0.467654264,0.127429207,1
275,458532.4079,4400236.697,5.538326579,-1.451678148,-0.24886253,1676356895,5.633333206,2.446808577,0.409415545,0.016247089,1
276,458532.9405,4400236.555,5.579958483,-1.442237664,-0.2459657,1676356895,5.669444561,2.340425491,0.4452046,0.161456192,1
277,458533.5221,4400236.402,5.623817203,-1.429652105,-0.24299879,1676356895,5.702777863,2.212765932,0.412220826,0.080724874,1
278,458534.0179,4400236.274,5.663610531,-1.426466739,-0.240656956,1676356895,5.738888741,2.127659559,0.394102747,-0.046253379,1
279,458534.6553,4400236.109,5.714451091,-1.425876125,-0.237486142,1676356895,5.786110878,1.808510661,0.481970544,0.054457816,1
280,458535.2055,4400235.969,5.756261895,-1.421519116,-0.235233072,1676356895,5.833333492,1.702127695,0.444658796,-0.012483733,1
281,458535.8058,4400235.817,5.799560219,-1.413781005,-0.23308775,1676356895,5.872222424,1.319148898,0.466638865,0.053292778,1
282,458536.3642,4400235.678,5.83990917,-1.411215729,-0.231494228,1676356895,5.916666508,1.234042525,0.424387781,0.056806003,1
283,458536.9731,4400235.527,5.878740303,-1.415283746,-0.229735248,1676356895,5.955555439,1.06382978,0.363921528,-0.052860501,1
284,458537.5387,4400235.387,5.916871317,-1.409088759,-0.228137453,1676356896,5.986111164,0.808510661,0.446923939,0.116723295,1
285,458538.1554,4400235.238,5.963568383,-1.411527648,-0.227052241,1676356896,6.027777672,0.510638297,0.444186043,-0.015175202,1
286,458538.7288,4400235.099,6.000956578,-1.415753085,-0.226180109,1676356896,6.072222233,0.234042555,0.417386061,-0.145996911,1
287,458539.3538,4400234.949,6.039148124,-1.410305291,-0.22534853,1676356896,6.111111164,0,0.402545919,0.044229767,1
288,458539.9342,4400234.81,6.074962551,-1.416867348,-0.225068881,1676356896,6.141666889,-0.148936167,0.38241343,-0.119525044,1
289,458540.5196,4400234.668,6.111940387,-1.428490121,-0.224518398,1676356896,6.183333397,-0.425531924,0.308597953,-0.092339059,1
290,458541.1564,4400234.516,6.148553343,-1.429951766,-0.224250255,1676356896,6.216666698,-0.574468076,0.339159837,0.103412975,1
291,458541.7476,4400234.375,6.181304567,-1.435877927,-0.224560569,1676356896,6.25555563,-0.808510661,0.32066469,-0.115488221,1
292,458542.342,4400234.233,6.212898807,-1.44389416,-0.225049472,1676356896,6.286110878,-0.957446814,0.260835726,-0.139262657,1
293,458542.9393,4400234.091,6.240648302,-1.454769366,-0.225744178,1676356896,6.316666603,-0.978723407,0.284470617,-0.129367648,1
294,458543.5891,4400233.935,6.268901772,-1.467480617,-0.226522177,1676356897,6.352777958,-1.021276593,0.260931449,-0.084864968,1
295,458544.2413,4400233.778,6.298522018,-1.475323591,-0.227385134,1676356897,6.377777576,-1.212765932,0.357325636,-0.044087369,1
296,458544.8464,4400233.633,6.325145427,-1.481665749,-0.228349224,1676356897,6.402777672,-1.404255271,0.129585568,-0.233668198,1
297,458545.4536,4400233.487,6.344077478,-1.505581042,-0.229200171,1676356897,6.430555344,-1.617021322,0.217504217,-0.195998254,1
298,458546.1133,4400233.326,6.364653607,-1.520398935,-0.230374516,1676356897,6.461111069,-2.021276712,0.219406294,-0.147962096,1
299,458546.7255,4400233.174,6.384590269,-1.535160697,-0.232037588,1676356897,6.486111164,-2.468085051,0.215731498,-0.133382773,1
300,458547.3882,4400233.009,6.411330545,-1.541125816,-0.234687439,1676356897,6.497222424,-2.744680882,0.243072589,-0.067695202,1
301,458548.0019,4400232.855,6.428681903,-1.569428786,-0.23755509,1676356897,6.527777672,-2.978723288,0.175139535,-0.361441488,1
302,458548.669,4400232.685,6.449817906,-1.597048852,-0.24067913,1676356897,6.552777767,-3.063829899,0.194439152,-0.267941847,1
303,458549.2863,4400232.525,6.467396331,-1.629091793,-0.243517768,1676356897,6.580555439,-3.106383085,0.214309058,-0.283199856,1
304,458549.9576,4400232.349,6.489774416,-1.65441739,-0.246775278,1676356898,6.599999905,-3.106383085,0.23246152,-0.219165886,1
305,458550.5805,4400232.186,6.510624638,-1.677542305,-0.249973133,1676356898,6.636111259,-3.127659559,0.184651977,-0.270761716,1
306,458551.2574,4400232.007,6.52970013,-1.702003035,-0.253260256,1676356898,6.663888931,-3.063829899,0.160357305,-0.207660882,1
307,458551.8838,4400231.839,6.543974894,-1.728790601,-0.256271819,1676356898,6.688889027,-3.021276712,0.187457511,-0.285523287,1
308,458552.5642,4400231.654,6.563798023,-1.761824624,-0.259547659,1676356898,6.708333492,-2.936170101,0.13573769,-0.291534101,1
309,458553.1952,4400231.478,6.582785674,-1.788413867,-0.262481833,1676356898,6.727777958,-2.936170101,0.300745884,-0.193201125,1
310,458553.8797,4400231.289,6.600501653,-1.801071068,-0.265611057,1676356898,6.758333206,-2.936170101,0.175085923,-0.228798836,1
311,458554.5133,4400231.112,6.618085949,-1.831896309,-0.26870022,1676356898,6.780555725,-2.957446814,0.12835541,-0.346268621,1
312,458555.2014,4400230.918,6.634843633,-1.867394972,-0.271736268,1676356898,6.800000191,-2.978723288,0.19706507,-0.272363836,1
313,458555.8382,4400230.735,6.651700619,-1.881422236,-0.274724515,1676356898,6.827777863,-3.127659559,0.193011347,-0.1674325,1
314,458556.5299,4400230.536,6.671277839,-1.912400883,-0.278454988,1676356899,6.855555534,-3.340425491,0.096149174,-0.176225592,1
315,458557.1698,4400230.347,6.686374371,-1.940836008,-0.281926275,1676356899,6.877777576,-3.553191423,0.129931151,-0.37204462,1
316,458557.9179,4400230.124,6.699650539,-1.976999629,-0.286267766,1676356899,6.902777672,-3.787234068,0.184772912,-0.324496087,1
317,458558.6138,4400229.913,6.709842264,-2.011163809,-0.29088906,1676356899,6.922222137,-4,0.115826227,-0.319799054,1
318,458559.2569,4400229.715,6.718935725,-2.042653467,-0.2953488,1676356899,6.944444656,-4.319149017,0.121489671,-0.196186571,1
319,458559.9561,4400229.495,6.730527548,-2.075780642,-0.300391826,1676356899,6.961111069,-4.510638237,0.061248054,-0.520303923,1
320,458560.6022,4400229.29,6.733776158,-2.12209972,-0.305493173,1676356899,6.977777958,-4.765957355,0.008163644,-0.39593253,1
321,458561.302,4400229.063,6.734656723,-2.168265834,-0.311131197,1676356899,6.991666794,-4.978723526,0.058851983,-0.415313683,1
322,458561.9485,4400228.849,6.739298562,-2.201722113,-0.31686279,1676356899,7.013888836,-5.255319118,0.01085008,-0.420017469,1
323,458562.6487,4400228.614,6.733647998,-2.247042398,-0.323412252,1676356899,7.027777672,-5.40425539,-0.022281252,-0.44900354,1
324,458563.2943,4400228.392,6.726260024,-2.296647294,-0.329353208,1676356900,7.033333302,-5.510638237,-0.058050987,-0.465963603,1
325,458563.9916,4400228.148,6.714000308,-2.333852212,-0.336018905,1676356900,7.041666508,-5.531914711,-0.095175255,-0.377016152,1
326,458564.6342,4400227.918,6.703767267,-2.377251822,-0.342278838,1676356900,7.044444561,-5.553191662,-0.017177589,-0.326494766,1
327,458565.329,4400227.665,6.689348624,-2.420562418,-0.348947633,1676356900,7.044444561,-5.510638237,-0.134270243,-0.46243994,1
328,458565.9689,4400227.427,6.672954385,-2.46678545,-0.355208711,1676356900,7.052777767,-5.468085289,-0.137869982,-0.511498161,1
329,458566.662,4400227.162,6.664178557,-2.513934175,-0.361875899,1676356900,7.055555344,-5.425531864,-0.079966155,-0.299999702,1
330,458567.3003,4400226.915,6.647940003,-2.548547617,-0.367890716,1676356900,7.052777767,-5.340425491,-0.03040436,-0.280985255,1
331,458567.9905,4400226.643,6.633933567,-2.596617745,-0.374406007,1676356900,7.055555344,-5.212766171,-0.184996117,-0.538158911,1
332,458568.6257,4400226.387,6.614734885,-2.644477568,-0.379993945,1676356900,7.055555344,-5.063829899,-0.092906916,-0.356358724,1
333,458569.3121,4400226.106,6.600921937,-2.675800424,-0.385957912,1676356900,7.055555344,-5.127659798,-0.068345913,-0.249479216,1
334,458569.9444,4400225.844,6.587460273,-2.702768582,-0.39183001,1676356901,7.066666603,-5.085106373,-0.116011707,-0.453227652,1
335,458570.574,4400225.579,6.561929978,-2.752089583,-0.397543348,1676356901,7.066666603,-5.276595592,-0.223225421,-0.550320054,1
336,458571.2538,4400225.287,6.54728431,-2.781286245,-0.403795624,1676356901,7.052777767,-5.425531864,-0.108131037,-0.188435627,1
337,458571.9316,4400224.992,6.522345937,-2.824904427,-0.410712886,1676356901,7.052777767,-5.957446575,-0.269943371,-0.524412563,1
338,458572.5549,4400224.716,6.501010012,-2.858426045,-0.41750062,1676356901,7.050000191,-6.148936272,-0.167762255,-0.416496344,1
339,458573.1778,4400224.434,6.481378187,-2.920988948,-0.424336566,1676356901,7.044444561,-6.553191662,-0.289096305,-0.494247711,1
340,458573.8498,4400224.122,6.455680933,-2.964263914,-0.432569547,1676356901,7.047222137,-6.978723526,-0.24420646,-0.420990647,1
341,458574.5189,4400223.805,6.424791499,-3.019282537,-0.441483698,1676356901,7.044444561,-7.446808338,-0.273270588,-0.613273547,1
342,458575.1333,4400223.507,6.391621529,-3.068602933,-0.450099695,1676356901,7.033333302,-7.659574509,-0.250329961,-0.447693082,1
343,458575.7954,4400223.179,6.354299582,-3.128514164,-0.459810512,1676356901,7.030555725,-7.617021084,-0.407472502,-0.628661434,1
344,458576.403,4400222.87,6.320362234,-3.178044894,-0.468495249,1676356902,7.027777672,-7.617021084,-0.320016776,-0.491646419,1
345,458577.1565,4400222.481,6.281564257,-3.238747934,-0.479307873,1676356902,7.019444466,-7.446808338,-0.323059249,-0.418933851,1
346,458577.8058,4400222.138,6.24194567,-3.297820406,-0.488512356,1676356902,7.016666889,-7.297872543,-0.373903368,-0.490832343,1
347,458578.4013,4400221.816,6.204329244,-3.348650699,-0.496710435,1676356902,7.00555563,-6.914893627,-0.345736484,-0.489353425,1
348,458579.0426,4400221.462,6.169072768,-3.39723474,-0.505244667,1676356902,6.99444437,-6.914893627,-0.352031452,-0.44659512,1
349,458579.68,4400221.103,6.130473734,-3.436227113,-0.513802042,1676356902,6.991666794,-6.702127457,-0.384073336,-0.350693713,1
350,458580.2683,4400220.762,6.094466814,-3.501387501,-0.52124273,1676356902,6.972222328,-6.893617153,-0.513329552,-0.454094197,1
351,458580.8513,4400220.419,6.065376563,-3.531302769,-0.529033258,1676356902,6.966666698,-6.914893627,-0.265498823,-0.368608888,1
352,458581.4793,4400220.044,6.023749164,-3.583464528,-0.537701942,1676356902,6.958333492,-7,-0.418044507,-0.486106239,1
353,458582.0551,4400219.693,5.985922233,-3.625276161,-0.545573071,1676356902,6.952777863,-7.212766171,-0.381681509,-0.508826858,1
354,458582.6747,4400219.308,5.941956135,-3.668286072,-0.554463979,1676356903,6.938889027,-7.617021084,-0.368540387,-0.425492334,1
355,458583.2416,4400218.95,5.905796205,-3.706314212,-0.563293456,1676356903,6.925000191,-7.914893627,-0.380697825,-0.521567414,1
356,458583.8506,4400218.559,5.851237177,-3.764888653,-0.57320793,1676356903,6.916666508,-8.446808815,-0.436941098,-0.518906261,1
357,458584.4083,4400218.193,5.8121843,-3.803460236,-0.582993224,1676356903,6.902777672,-8.659574509,-0.474727245,-0.527848397,1
358,458585.0077,4400217.791,5.758932143,-3.862875867,-0.594012334,1676356903,6.891666889,-9.19148922,-0.488293998,-0.565782144,1
359,458585.5587,4400217.412,5.721629725,-3.923159323,-0.604279849,1676356903,6.886111259,-9.170212746,-0.543259013,-0.561859929,1
360,458586.1053,4400217.03,5.671862314,-3.976312448,-0.614985214,1676356903,6.872222424,-9.510638237,-0.556162305,-0.611325157,1
361,458586.6919,4400216.61,5.618659834,-4.044097995,-0.626735015,1676356903,6.866666794,-9.361701965,-0.497539445,-0.711040124,1
362,458587.2727,4400216.182,5.564927653,-4.110262513,-0.638288961,1676356903,6.861111164,-9.297872543,-0.526993956,-0.641615424,1
363,458587.8043,4400215.782,5.521365233,-4.160397333,-0.648891743,1676356903,6.855555534,-9.148936272,-0.502773728,-0.468767403,1
364,458588.3747,4400215.343,5.47163307,-4.219418464,-0.660246374,1676356904,6.852777958,-9.106383324,-0.436375208,-0.493241263,1
365,458588.8951,4400214.933,5.417049848,-4.277412894,-0.670390747,1676356904,6.844444275,-9.042552948,-0.551864459,-0.72939001,1
366,458589.4534,4400214.482,5.368356287,-4.33236655,-0.681357904,1676356904,6.836111069,-9.063829422,-0.549190564,-0.603059202,1
367,458589.964,4400214.061,5.320607799,-4.388763227,-0.691653381,1676356904,6.836111069,-9.212765694,-0.512144132,-0.59373633,1
368,458590.5122,4400213.599,5.271687034,-4.439971352,-0.703115492,1676356904,6.836111069,-9.425532341,-0.505747293,-0.518820763,1
369,458591.0156,4400213.166,5.234232343,-4.489332007,-0.714118927,1676356904,6.838889122,-9.595745087,-0.21556277,-0.143253618,1
370,458591.5559,4400212.695,5.174730183,-4.538890846,-0.726168826,1676356904,6.819444656,-10.04255295,-1.061866999,-0.886298186,1
371,458592.0463,4400212.253,5.079840714,-4.637901397,-0.737202348,1676356904,6.816666603,-10.08510685,-0.763883822,-0.46583519,1
372,458592.572,4400211.767,5.061501194,-4.659911038,-0.74955955,1676356904,6.822222233,-10.59574509,-0.479098793,-0.204314914,1
373,458593.054,4400211.316,5.02665211,-4.702915066,-0.762409714,1676356904,6.816666603,-11,0.102815843,-0.289244419,1
374,458593.5717,4400210.822,4.936974155,-4.777757588,-0.776822922,1676356905,6.830555439,-11.31914902,-1.556415351,-1.326095344,1
375,458594.0371,4400210.355,4.837280077,-4.873227638,-0.788660346,1676356905,6.802777767,-11.40425491,-0.505290069,-0.40289374,1
376,458594.5354,4400209.845,4.800052882,-4.903227648,-0.803151041,1676356905,6.797222137,-11.57446766,-0.637699417,-0.634447639,1
377,458594.9897,4400209.368,4.725014479,-4.980090717,-0.816691179,1676356905,6.794444561,-12.14893627,-0.582000364,-0.570917987,1
378,458595.4754,4400208.845,4.667138324,-5.037400838,-0.831689948,1676356905,6.800000191,-12.06382942,-0.721077148,-0.642241287,1
379,458595.9184,4400208.354,4.585875971,-5.105424422,-0.845421167,1676356905,6.808333397,-12.1276598,-0.828359665,-0.687570348,1
380,458596.3885,4400207.819,4.513724792,-5.166269168,-0.860357767,1676356905,6.805555344,-12.1276598,-0.690621411,-0.646375263,1
381,458596.8154,4400207.319,4.440789746,-5.227634083,-0.874165524,1676356905,6.802777767,-12.1276598,-0.458234944,-0.67766173,1
382,458597.2694,4400206.77,4.346735273,-5.300402605,-0.889163836,1676356905,6.794444561,-11.97872353,-0.790708707,-0.911192123,1
383,458597.7147,4400206.215,4.278925487,-5.359060814,-0.903834315,1676356905,6.802777767,-11.93617058,-0.609699611,-0.592995626,1
384,458598.1192,4400205.697,4.208951446,-5.412792354,-0.917456431,1676356906,6.802777767,-11.82978725,-0.654078167,-0.585788625,1
385,458598.5499,4400205.128,4.131144993,-5.47512948,-0.932182927,1676356906,6.808333397,-11.78723431,-0.952197336,-0.688621408,1
386,458598.9712,4400204.553,4.040844663,-5.542251062,-0.946378191,1676356906,6.811110973,-11.82978725,-0.576720146,-0.473345782,1
387,458599.3535,4400204.017,3.98388985,-5.59217564,-0.95998504,1676356906,6.811110973,-11.82978725,-0.725348149,-0.673874391,1
388,458599.7602,4400203.43,3.898599862,-5.65361426,-0.974707874,1676356906,6.822222233,-11.85106373,-0.806589519,-0.553161325,1
389,458600.13,4400202.88,3.825801619,-5.715328795,-0.98792606,1676356906,6.830555439,-12.02127647,-0.789862675,-0.670724006,1
390,458600.5214,4400202.28,3.751424659,-5.775019729,-1.002839801,1676356906,6.836111069,-12.34042549,-0.796685156,-0.614091843,1
391,458600.875,4400201.72,3.667739032,-5.830721395,-1.017062049,1676356906,6.841666698,-12.57446766,-0.868632535,-0.580439423,1
392,458601.2493,4400201.108,3.584514982,-5.887438803,-1.032992344,1676356906,6.849999905,-13.1276598,-0.777673219,-0.628088704,1
393,458601.5869,4400200.537,3.49851774,-5.948030216,-1.048350907,1676356906,6.852777958,-13.2553196,-1.028825155,-0.616183017,1
394,458601.9423,4400199.913,3.393040859,-6.010086936,-1.065006121,1676356907,6.855555534,-13.36170197,-1.109385899,-0.66906393,1
395,458602.2601,4400199.332,3.30018667,-6.070148667,-1.080267991,1676356907,6.861111164,-13.27659607,-0.82211531,-0.502935528,1
396,458602.5955,4400198.696,3.21045601,-6.127614014,-1.096918936,1676356907,6.872222424,-13.19148922,-0.986385503,-0.582547142,1
397,458602.8958,4400198.104,3.116978638,-6.180566745,-1.11208345,1676356907,6.88055563,-13.1276598,-0.89804977,-0.51807909,1
398,458603.2111,4400197.457,3.016034836,-6.234174618,-1.128565186,1676356907,6.888888836,-13.1276598,-0.949688138,-0.51116872,1
399,458603.4961,4400196.851,2.931228325,-6.294262019,-1.143430216,1676356907,6.891666889,-13.10638332,-0.978798557,-0.391511847,1
400,458603.7951,4400196.19,2.833087093,-6.341430745,-1.159887937,1676356907,6.891666889,-13.04255295,-1.021647764,-0.486437543,1
401,458604.0614,4400195.576,2.733894422,-6.38791955,-1.175041915,1676356907,6.897222042,-13.19148922,-0.936038248,-0.435478064,1
402,458604.3392,4400194.906,2.625996854,-6.434443792,-1.191639738,1676356907,6.902777672,-13.34042549,-1.069602614,-0.558336555,1
403,458604.5861,4400194.283,2.54069331,-6.469689033,-1.207074852,1676356907,6.902777672,-13.61702156,-0.707044963,-0.233801632,1
404,458604.843,4400193.606,2.427422185,-6.508619446,-1.224869578,1676356908,6.897222042,-13.80851078,-1.323754301,-0.487578255,1
405,458605.0665,4400192.978,2.307522523,-6.556005072,-1.241056947,1676356908,6.888888836,-13.80851078,-1.026070568,-0.459835917,1
406,458605.2968,4400192.294,2.192041774,-6.586485585,-1.258046355,1676356908,6.883333206,-13.70212746,-1.106236454,-0.348002988,1
407,458605.4992,4400191.659,2.103279121,-6.621375971,-1.274167053,1676356908,6.883333206,-13.48936176,-0.869366877,-0.29992812,1
408,458605.7076,4400190.967,1.969762118,-6.667543476,-1.291089164,1676356908,6.886111259,-13.27659607,-1.285760151,-0.480416659,1
409,458605.8903,4400190.321,1.881405903,-6.705947799,-1.305539427,1676356908,6.891666889,-12.82978725,-0.869009329,-0.215976053,1
410,458606.0761,4400189.619,1.771435662,-6.739960768,-1.321691518,1676356908,6.900000095,-12.57446766,-1.041761581,-0.330434222,1
411,458606.2369,4400188.968,1.661731564,-6.773588655,-1.335969127,1676356908,6.905555725,-12.17021275,-1.094673251,-0.30744696,1
412,458606.4,4400188.259,1.561318227,-6.798231276,-1.350714509,1676356908,6.900000095,-11.59574509,-0.836744403,-0.234880278,1
413,458606.5416,4400187.603,1.470849544,-6.822263526,-1.36394761,1676356908,6.908333302,-11.36170197,-0.965851881,-0.300431196,1
414,458606.6856,4400186.891,1.380178082,-6.844240611,-1.377963931,1676356909,6.911110878,-10.89361668,-0.865137414,-0.210699282,1
415,458606.8102,4400186.232,1.290200911,-6.861154023,-1.390361105,1676356909,6.913888931,-10.55319118,-0.99289366,-0.215604744,1
416,458606.9344,4400185.517,1.18193161,-6.884966744,-1.403035698,1676356909,6.905555725,-10.06382942,-0.687217139,-0.19961244,1
417,458607.0331,4400184.91,1.134893061,-6.897379769,-1.413330824,1676356909,6.913888931,-9.744680405,-0.676301914,-0.164936289,1
418,458607.1508,4400184.136,1.04600407,-6.911984538,-1.42623977,1676356909,6.913888931,-9.595745087,-0.662929632,-0.073874849,1
419,458607.239,4400183.525,0.97568542,-6.92795707,-1.436158545,1676356909,6.916666508,-9.446808815,-1.017069206,-0.190436743,1
420,458607.3392,4400182.748,0.8843226,-6.940263126,-1.448236436,1676356909,6.927777767,-9.468085289,-0.357837475,-0.086879983,1
421,458607.4126,4400182.137,0.835357361,-6.948369017,-1.458521935,1676356909,6.925000191,-9.91489315,-0.693268989,-0.106736811,1
422,458607.4977,4400181.358,0.742206523,-6.960909578,-1.472262338,1676356909,6.930555344,-10.38297844,-0.700154887,-0.077235378,1
423,458607.5573,4400180.745,0.66263054,-6.971806442,-1.483363386,1676356909,6.927777767,-10.89361668,-0.938935035,-0.155129236,1
424,458607.6224,4400179.964,0.563904662,-6.980794303,-1.497968655,1676356910,6.930555344,-11.06382942,-0.952884378,-0.073664268,1
425,458607.6682,4400179.293,0.466666999,-6.990021131,-1.510900592,1676356910,6.938889027,-11.21276569,-0.954242935,-0.115961493,1
426,458607.7078,4400178.566,0.367794866,-7.00120367,-1.524896079,1676356910,6.938889027,-11.23404217,-0.951612095,-0.07677047,1
427,458607.7356,4400177.893,0.288064163,-7.00725574,-1.537838279,1676356910,6.947222233,-11.23404217,-0.876939521,-0.095579617,1
428,458607.756,4400177.165,0.17926773,-7.00874014,-1.552064447,1676356910,6.955555439,-10.95744705,-0.961666847,-0.038112069,1
429,458607.7653,4400176.49,0.080952237,-7.011508248,-1.564245554,1676356910,6.958333492,-10.40425491,-0.777147028,-0.017427054,1
430,458607.764,4400175.818,0.005225463,-7.011858218,-1.576003593,1676356910,6.949999809,-9.510638237,-0.819039536,0.019155126,1
431,458607.7546,4400175.146,-0.083556097,-7.012682691,-1.586930847,1676356910,6.949999809,-8.787234306,-0.92802872,0.018838834,1
432,458607.7321,4400174.362,-0.190827375,-7.005753377,-1.597876956,1676356910,6.941666603,-7.936170101,-0.778715607,0.157022027,1
433,458607.7056,4400173.691,-0.230408864,-7.004113831,-1.606735107,1676356910,6.941666603,-7.319149017,-0.331971754,0.117408941,1
434,458607.6735,4400172.964,-0.293514111,-7.000889944,-1.616174875,1676356911,6.947222233,-7.042553425,-0.65234512,0.047407676,1
435,458607.6391,4400172.292,-0.345890977,-6.994712909,-1.623965779,1676356911,6.949999809,-6.553191662,-0.566586308,0.091894675,1
436,458607.5955,4400171.566,-0.419508446,-6.986064281,-1.631784844,1676356911,6.949999809,-6.489361763,-0.661414673,0.111824389,1
437,458607.5489,4400170.896,-0.472754383,-6.980771393,-1.638970293,1676356911,6.944444656,-6.617021084,-0.426339787,0.060347334,1
438,458607.4934,4400170.171,-0.519763744,-6.974933692,-1.647032046,1676356911,6.944444656,-7,-0.443862154,0.099513416,1
439,458607.4395,4400169.499,-0.559695274,-6.970901979,-1.654814694,1676356911,6.938889027,-7.297872543,-0.416308957,0.226015733,1
440,458607.3731,4400168.775,-0.640849086,-6.949258782,-1.664108946,1676356911,6.922222137,-7.914893627,-0.776713894,0.150372235,1
441,458607.305,4400168.108,-0.693951337,-6.938299613,-1.672980565,1676356911,6.916666508,-8.127659798,-0.521849666,0.115116099,1
442,458607.2247,4400167.386,-0.768028098,-6.927860757,-1.683032637,1676356911,6.916666508,-8.404254913,-0.60589247,0.095463149,1
443,458607.1442,4400166.721,-0.827112492,-6.919233665,-1.692615857,1676356911,6.911110878,-8.531914711,-0.633725359,-0.144780552,1
444,458607.0504,4400166.002,-0.900746734,-6.905100086,-1.703162666,1676356912,6.908333302,-8.446808815,-0.689523539,0.099864021,1
445,458606.9651,4400165.396,-0.9621163,-6.893229964,-1.711774739,1676356912,6.905555725,-7.914893627,-0.627749171,0.062401623,1
446,458606.8482,4400164.626,-1.048608582,-6.879834853,-1.722048807,1676356912,6.900000095,-7.446808338,-0.672648304,-0.00748765,1
447,458606.7232,4400163.857,-1.104836476,-6.870549912,-1.731424209,1676356912,6.902777672,-6.851063728,-0.473948723,0.229449844,1
448,458606.6108,4400163.199,-1.156502487,-6.856849301,-1.738985212,1676356912,6.900000095,-6.340425491,-0.342019294,0.084807552,1
449,458606.4844,4400162.482,-1.21944836,-6.858652188,-1.746176755,1676356912,6.894444466,-5.702127457,-0.53094795,0.046686311,1
450,458606.3596,4400161.823,-1.270479946,-6.844198072,-1.75208585,1676356912,6.891666889,-5.042553425,-0.478955666,0.101721026,1
451,458606.2199,4400161.11,-1.306289719,-6.835836341,-1.757774495,1676356912,6.888888836,-4.680850983,-0.31961875,0.057807796,1
452,458606.0877,4400160.453,-1.338856008,-6.831407404,-1.762810352,1676356912,6.891666889,-4.276595592,-0.27875127,0.143009532,1
453,458605.9411,4400159.741,-1.376918122,-6.821688791,-1.767689131,1676356912,6.886111259,-4.021276474,-0.327083038,0.041817145,1
454,458605.8031,4400159.087,-1.40806297,-6.811630738,-1.771740257,1676356913,6.88055563,-3.59574461,-0.245304348,0.135266162,1
455,458605.6513,4400158.38,-1.437868383,-6.804038664,-1.775809568,1676356913,6.883333206,-3.468085051,-0.213349903,0.11347346,1
456,458605.5088,4400157.728,-1.460264364,-6.797063501,-1.77931439,1676356913,6.88055563,-3.319149017,-0.29658393,0.028012867,1
457,458605.352,4400157.023,-1.482594888,-6.792608747,-1.782905301,1676356913,6.875,-3.212765932,-0.244909589,-0.063506623,1
458,458605.2049,4400156.372,-1.511664464,-6.786579103,-1.786134905,1676356913,6.88055563,-3.212765932,-0.304234207,0.053488569,1
459,458605.0446,4400155.664,-1.526917508,-6.785552538,-1.788902167,1676356913,6.88055563,-3.212765932,-0.278267225,-0.020534147,1
460,458604.8929,4400155.013,-1.554538929,-6.779893009,-1.792116668,1676356913,6.875,-3.319149017,-0.197935282,0.014974714,1
461,458604.7262,4400154.309,-1.573172341,-6.773887027,-1.795892126,1676356913,6.877777576,-3.468085051,-0.226825754,0.108511267,1
462,458604.5571,4400153.605,-1.601883738,-6.764531997,-1.799861333,1676356913,6.877777576,-3.638297796,-0.302029778,0.057258967,1
463,458604.3855,4400152.902,-1.620336292,-6.758007385,-1.804049574,1676356913,6.872222424,-3.638297796,-0.258796084,0.00804184,1
464,458604.2246,4400152.255,-1.65977168,-6.746309566,-1.807934402,1676356914,6.86944437,-3.638297796,-0.378336972,0.045345776,1
465,458604.0471,4400151.554,-1.683642084,-6.738964628,-1.811964934,1676356914,6.86944437,-3.531914949,-0.249705833,0.107171576,1
466,458603.8814,4400150.909,-1.699492503,-6.734279888,-1.815573877,1676356914,6.866666794,-3.297872305,-0.265084403,0.081310089,1
467,458603.6991,4400150.21,-1.734979395,-6.723723365,-1.819153714,1676356914,6.86944437,-2.872340441,-0.281956036,0.135265404,1
468,458603.5426,4400149.62,-1.753780186,-6.719992854,-1.821673609,1676356914,6.86944437,-2.638297796,-0.38402242,0.018888343,1
469,458603.3432,4400148.866,-1.764458102,-6.718379248,-1.823334354,1676356914,6.86944437,-2.085106373,0.020915861,-0.052626845,1
470,458603.1849,4400148.276,-1.780734534,-6.714354845,-1.82519101,1676356914,6.872222424,-1.957446814,-0.231193487,0.159129673,1
471,458602.9817,4400147.526,-1.79188597,-6.709516845,-1.827044856,1676356914,6.86944437,-1.765957475,-0.242459456,0.051087608,1
472,458602.8061,4400146.884,-1.798902434,-6.709347037,-1.828422604,1676356914,6.863888741,-1.617021322,0.157932714,-0.027273612,1
473,458602.6305,4400146.241,-1.809102399,-6.708425318,-1.830042961,1676356915,6.872222424,-1.340425491,-0.269557415,-0.002896647,1
474,458602.4522,4400145.598,-1.836485602,-6.702280249,-1.830902854,1676356915,6.86944437,-1.148936152,-0.165782075,0.050290448,1
475,458602.2581,4400144.903,-1.820599718,-6.70586578,-1.831550638,1676356915,6.866666794,-0.893617034,0.077105403,-0.006248209,1
476,458602.0793,4400144.26,-1.833980165,-6.704701035,-1.832226404,1676356915,6.872222424,-0.702127635,-0.055974257,0.104984479,1
477,458601.8851,4400143.564,-1.83361918,-6.706463268,-1.832326307,1676356915,6.866666794,-0.46808511,-0.192260429,-0.007750662,1
478,458601.7054,4400142.921,-1.833698724,-6.714051324,-1.832161663,1676356915,6.866666794,-0.255319148,0.110712716,-0.058078942,1
479,458601.5123,4400142.222,-1.83463528,-6.717257376,-1.831623758,1676356915,6.886111259,-0.148936167,-0.126996784,-0.00864125,1
480,458601.3318,4400141.579,-1.838685785,-6.716753507,-1.831146483,1676356915,6.883333206,-0.063829787,-0.042416376,0.001261288,1
481,458601.1367,4400140.883,-1.824494399,-6.72498955,-1.830661668,1676356915,6.883333206,-0.063829787,0.103659776,-0.026175896,1
482,458600.9573,4400140.24,-1.825885655,-6.729826586,-1.83037237,1676356915,6.888888836,-0.08510638,-0.004989371,-0.0356858,1
483,458600.7632,4400139.542,-1.824219046,-6.72970495,-1.82990216,1676356916,6.891666889,-0.191489369,-0.140760354,0.031186534,1
484,458600.5843,4400138.898,-1.821918636,-6.731492553,-1.829362205,1676356916,6.891666889,-0.361702114,0.193320531,-0.011197408,1
485,458600.3915,4400138.199,-1.81886119,-6.736789945,-1.8293534,1676356916,6.897222042,-0.723404229,-0.065309249,-0.059461094,1
486,458600.2136,4400137.553,-1.815752223,-6.738752263,-1.829768352,1676356916,6.902777672,-1.042553186,0.020497202,-0.02136085,1
487,458600.0213,4400136.854,-1.813123564,-6.737485861,-1.830621072,1676356916,6.900000095,-1.404255271,-0.076976664,0.027361488,1
488,458599.8431,4400136.208,-1.829067562,-6.73785969,-1.831883558,1676356916,6.900000095,-1.744680882,-0.113713869,-0.110503996,1
489,458599.6488,4400135.508,-1.844678771,-6.730118406,-1.833310046,1676356916,6.902777672,-2,-0.224522315,0.052513396,1
490,458599.4659,4400134.865,-1.84980371,-6.727920691,-1.835184547,1676356916,6.900000095,-2.127659559,-0.041358782,-0.009066591,1
491,458599.267,4400134.168,-1.868295155,-6.726478206,-1.837545041,1676356916,6.900000095,-2.148936272,-0.219074148,-0.011919459,1
492,458599.0816,4400133.525,-1.882538975,-6.721927076,-1.839548524,1676356916,6.902777672,-1.914893627,-0.185942916,-0.023485856,1
493,458598.8792,4400132.83,-1.8968279,-6.719578599,-1.841330511,1676356917,6.902777672,-1.425531864,-0.089478683,0.009901556,1
494,458598.6921,4400132.186,-1.914390889,-6.718461797,-1.842411748,1676356917,6.905555725,-0.978723407,-0.205600008,0.026101507,1
495,458598.489,4400131.489,-1.920286323,-6.717439957,-1.842804789,1676356917,6.913888931,-0.404255331,-0.050386039,-0.016504785,1
496,458598.3015,4400130.845,-1.911545365,-6.720139136,-1.842651736,1676356917,6.911110878,0.021276595,0.116942158,-0.039533233,1
497,458598.0991,4400130.148,-1.90928648,-6.718203556,-1.842046309,1676356917,6.913888931,0.361702114,0.044681803,0.020625212,1
498,458597.9124,4400129.504,-1.910962259,-6.712511261,-1.840891287,1676356917,6.908333302,0.638297856,-0.066009501,0.037183668,1
499,458597.726,4400128.861,-1.896531718,-6.715152681,-1.839369799,1676356917,6.897222042,0.765957475,0.215560091,-0.085451112,1
500,458597.5273,4400128.164,-1.888536385,-6.715444225,-1.837703684,1676356917,6.897222042,0.744680822,0.007998598,-0.007284961,1
501,458597.3585,4400127.576,-1.874033546,-6.718687699,-1.836432134,1676356917,6.900000095,0.510638297,0.055260018,-0.08271694,1
502,458597.1451,4400126.826,-1.861697649,-6.724909125,-1.835055919,1676356917,6.902777672,0.276595742,0.177916543,0.001108675,1
503,458596.9631,4400126.183,-1.858959784,-6.72885968,-1.834456142,1676356918,6.908333302,-0.063829787,0.001156597,0.058815584,1
504,458596.7661,4400125.487,-1.860475651,-6.728441804,-1.834074622,1676356918,6.911110878,-0.382978737,-0.074561561,-0.009171225,1
505,458596.5998,4400124.896,-1.846613146,-6.730401752,-1.834100484,1676356918,6.911110878,-0.53191489,0.18073101,0.018011062,1
506,458596.3886,4400124.143,-1.851973397,-6.72962701,-1.834462238,1676356918,6.911110878,-0.723404229,0.026990358,0.034641611,1
507,458596.1922,4400123.445,-1.85649108,-6.726751818,-1.834889152,1676356918,6.913888931,-0.829787254,-0.087474579,0.029403321,1
508,458596.0105,4400122.8,-1.856779458,-6.725827943,-1.835384564,1676356918,6.911110878,-0.893617034,0.01267282,0.065007818,1
509,458595.8437,4400122.207,-1.865510761,-6.726806518,-1.835598772,1676356918,6.911110878,-0.93617022,-0.026319841,0.071922826,1
510,458595.6434,4400121.509,-1.867608641,-6.726443659,-1.836466014,1676356918,6.911110878,-1.021276593,-0.147063067,0.065666902,1
511,458595.4576,4400120.864,-1.875978915,-6.718772783,-1.837124333,1676356918,6.908333302,-1,0.000419643,0.065848791,1
512,458595.2402,4400120.114,-1.888903741,-6.709454251,-1.83784506,1676356918,6.897222042,-0.93617022,-0.106271553,0.139154737,1
513,458595.0686,4400119.524,-1.889590797,-6.704348865,-1.838304746,1676356919,6.894444466,-0.851063848,-0.063520592,0.10641407,1
514,458594.8674,4400118.828,-1.883778811,-6.704246199,-1.838718324,1676356919,6.888888836,-0.723404229,0.087476191,0.048096183,1
515,458594.6522,4400118.079,-1.888646967,-6.699615074,-1.839143591,1676356919,6.886111259,-0.53191489,-0.013964779,-0.000788875,1
516,458594.4674,4400117.437,-1.895430178,-6.696518959,-1.839150147,1676356919,6.88055563,-0.361702114,-0.174558676,-0.008918812,1
517,458594.2668,4400116.742,-1.887695222,-6.694264211,-1.838863617,1676356919,6.88055563,-0.234042555,0.06135852,0.126812646,1
518,458594.0823,4400116.101,-1.8855935,-6.693524203,-1.838698094,1676356919,6.88055563,-0.148936167,0.068217386,-0.015304646,1
519,458593.883,4400115.404,-1.890196238,-6.691886674,-1.83843184,1676356919,6.88055563,-0.08510638,-0.03455292,0.203202432,1
520,458593.6974,4400114.763,-1.8830375,-6.691551579,-1.837980761,1676356919,6.88055563,0,0.026101688,0.040567236,1
521,458593.4966,4400114.068,-1.884863827,-6.689300908,-1.837468672,1676356919,6.877777576,0.148936167,0.088411736,0.049076578,1
522,458593.3117,4400113.428,-1.879731314,-6.687397357,-1.836807714,1676356919,6.872222424,0.255319148,-0.091588737,0.02689268,1
523,458593.1116,4400112.734,-1.873318891,-6.685247056,-1.835742256,1676356920,6.872222424,0.382978737,0.077651298,0.020542022,1
524,458592.9284,4400112.093,-1.865708591,-6.684793944,-1.834718726,1676356920,6.866666794,0.446808517,0.016113288,0.020344639,1
525,458592.7308,4400111.4,-1.86330973,-6.683090517,-1.833518067,1676356920,6.863888741,0.446808517,0.042929726,-0.077321856,1
526,458592.5493,4400110.759,-1.846541989,-6.684193988,-1.832496577,1676356920,6.863888741,0.404255331,0.124217175,-0.055528144,1
527,458592.3541,4400110.065,-1.836390818,-6.683928069,-1.831564475,1676356920,6.861111164,0.361702114,0.126693747,-0.014910524,1
528,458592.1748,4400109.425,-1.827952377,-6.681843222,-1.83076547,1676356920,6.858333111,0.212765962,0.057790456,-0.041378388,1
529,458591.9813,4400108.73,-1.828827914,-6.677428668,-1.829704003,1676356920,6.852777958,0.106382981,0.01134799,-0.08072776,1
530,458591.8016,4400108.091,-1.818730923,-6.678055629,-1.82918948,1676356920,6.847222328,-0.127659574,0.03174568,-0.05728865,1
531,458591.6071,4400107.399,-1.821971602,-6.66766994,-1.828869344,1676356920,6.836111069,-0.212765962,0.068272018,0.058093422,1
532,458591.428,4400106.761,-1.811011067,-6.656421189,-1.828732561,1676356920,6.833333492,-0.297872335,0.054760242,0.111875956,1
533,458591.2343,4400106.071,-1.811590748,-6.646316511,-1.82858986,1676356921,6.816666603,-0.319148928,0.170112762,0.011466003,1
534,458591.0574,4400105.435,-1.801617321,-6.626693798,-1.828624347,1676356921,6.811110973,-0.297872335,-0.158110722,0.240047211,1
535,458590.8659,4400104.749,-1.801027551,-6.601257585,-1.828268409,1676356921,6.786110878,-0.212765962,0.311355609,0.108397731,1
536,458590.6906,4400104.117,-1.787204253,-6.580895983,-1.828058005,1676356921,6.763888836,-0.148936167,0.076828777,0.274772329,1
537,458590.5016,4400103.435,-1.778300916,-6.556931304,-1.827762874,1676356921,6.736111164,-0.08510638,0.059268378,0.2961802,1
538,458590.3281,4400102.809,-1.763369448,-6.524589716,-1.827323823,1676356921,6.702777863,-0.04255319,0.223000502,0.266060498,1
539,458590.1426,4400102.13,-1.758388567,-6.502059606,-1.826351643,1676356921,6.688889027,-0.021276595,0.096832684,0.224634735,1
540,458589.9708,4400101.509,-1.743399022,-6.474478438,-1.825914079,1676356921,6.658333302,-0.04255319,0.074839834,0.201636402,1
541,458589.7858,4400100.838,-1.736806146,-6.443978641,-1.825435314,1676356921,6.622222424,-0.106382981,0.100769105,0.321687026,1
542,458589.6164,4400100.222,-1.71810349,-6.415744139,-1.82522238,1676356921,6.594444275,-0.191489369,0.214534996,0.375910857,1
543,458589.4347,4400099.558,-1.704127101,-6.381351101,-1.825132577,1676356922,6.569444656,-0.276595742,-0.050408972,0.3949134,1
544,458589.2675,4400098.948,-1.702495034,-6.347843737,-1.824881613,1676356922,6.530555725,-0.276595742,0.29172635,0.363211855,1
545,458589.0878,4400098.291,-1.693136703,-6.311720929,-1.824783243,1676356922,6.497222424,-0.276595742,-0.055692503,0.381634909,1
546,458588.9225,4400097.688,-1.679123261,-6.27718695,-1.824612249,1676356922,6.463889122,-0.276595742,0.253482783,0.342117453,1
547,458588.7584,4400097.089,-1.671024488,-6.241693614,-1.824482415,1676356922,6.425000191,-0.212765962,0.179254306,0.330540424,1
548,458588.5821,4400096.442,-1.659265484,-6.204916317,-1.824319747,1676356922,6.377777576,-0.170212761,0.023155027,0.361500652,1
549,458588.3682,4400095.651,-1.639507911,-6.155637179,-1.824054947,1676356922,6.344444275,-0.127659574,0.071107905,0.453897953,1
550,458588.1946,4400095.014,-1.631692708,-6.120730992,-1.823711459,1676356922,6.302777767,-0.08510638,0.147932445,0.315145313,1
551,458588.0621,4400094.528,-1.623193568,-6.091968338,-1.823410965,1676356922,6.261111259,-0.08510638,0.070043401,0.396168514,1
552,458587.904,4400093.946,-1.608231735,-6.058068435,-1.823138741,1676356922,6.227777958,-0.08510638,0.17231385,0.397350049,1
553,458587.7211,4400093.272,-1.601612445,-6.018725444,-1.822865676,1676356923,6.194444656,-0.08510638,-0.014452098,0.365660811,1
554,458587.565,4400092.697,-1.583766433,-5.98857087,-1.822471383,1676356923,6.166666508,-0.08510638,0.233245562,0.279526287,1
555,458587.3974,4400092.077,-1.579531857,-5.953327781,-1.822185663,1676356923,6.127777576,-0.08510638,0.102115449,0.373595425,1
556,458587.2564,4400091.555,-1.560904389,-5.919607578,-1.821930596,1676356923,6.094444275,-0.127659574,0.159012387,0.365937357,1
557,458587.0785,4400090.896,-1.551252312,-5.874795319,-1.82156768,1676356923,6.061110973,-0.148936167,0.17448054,0.392478423,1
558,458586.9142,4400090.288,-1.546342472,-5.834582407,-1.821291601,1676356923,6.019444466,-0.191489369,0.097843331,0.390590757,1
559,458586.7628,4400089.726,-1.53483869,-5.808959573,-1.821125575,1676356923,5.977777958,-0.297872335,0.162875475,0.391335287,1
560,458586.5984,4400089.123,-1.525773354,-5.771647179,-1.82096811,1676356923,5.930555344,-0.361702114,0.196853112,0.319261921,1
561,458586.4481,4400088.569,-1.508500117,-5.737154034,-1.821052445,1676356923,5.894444466,-0.446808517,0.060303499,0.41516343,1
562,458586.2859,4400087.974,-1.508021873,-5.698530316,-1.820969576,1676356923,5.861111164,-0.46808511,0.120368697,0.375660955,1
563,458586.1371,4400087.427,-1.497209706,-5.663334891,-1.820981227,1676356924,5.822222233,-0.53191489,0.018565836,0.306341562,1
564,458585.9783,4400086.841,-1.484539571,-5.625762548,-1.82110466,1676356924,5.780555725,-0.574468076,0.199624487,0.348967472,1
565,458585.8454,4400086.348,-1.478223078,-5.592917683,-1.821319101,1676356924,5.747222424,-0.659574449,0.064294542,0.383180544,1
566,458585.701,4400085.814,-1.467601659,-5.556455259,-1.821476698,1676356924,5.713889122,-0.702127635,0.273868913,0.406803558,1
567,458585.5331,4400085.195,-1.469991734,-5.512543211,-1.821754769,1676356924,5.669444561,-0.723404229,0.18699318,0.410254748,1
568,458585.4017,4400084.712,-1.45930069,-5.48247426,-1.821980413,1676356924,5.63055563,-0.787234068,0.024574208,0.319824492,1
569,458585.2466,4400084.144,-1.458449366,-5.441560604,-1.8223209,1676356924,5.591666698,-0.851063848,0.127600663,0.353590708,1
570,458585.08,4400083.538,-1.443073597,-5.397989259,-1.822825093,1676356924,5.563889027,-0.914893627,-0.098488348,0.399893092,1
571,458584.9374,4400083.023,-1.440600542,-5.361363304,-1.823237631,1676356924,5.519444466,-0.893617034,0.096124829,0.377830194,1
572,458584.7839,4400082.469,-1.433242276,-5.322044991,-1.823671024,1676356924,5.486111164,-0.893617034,-0.045782567,0.416382559,1
573,458584.6424,4400081.962,-1.430593108,-5.284513465,-1.824023093,1676356925,5.447222233,-0.787234068,0.006757433,0.3824544,1
574,458584.4912,4400081.415,-1.421249948,-5.243387001,-1.82430738,1676356925,5.405555725,-0.723404229,0.048941988,0.403327617,1
575,458584.3641,4400080.956,-1.408780564,-5.214179309,-1.824474933,1676356925,5.36944437,-0.617021263,0.141535806,0.325855784,1
576,458584.2043,4400080.375,-1.391590815,-5.172329611,-1.824776051,1676356925,5.316666603,-0.553191483,0.014514496,0.413992055,1
577,458584.0681,4400079.882,-1.392890953,-5.133522226,-1.824976204,1676356925,5.288888931,-0.361702114,-0.126871443,0.374297657,1
578,458583.9198,4400079.351,-1.401077208,-5.092033196,-1.824769547,1676356925,5.258333206,-0.340425521,0.058453549,0.352978006,1
579,458583.7876,4400078.861,-1.367992477,-5.066607052,-1.824581971,1676356925,5.219444275,-0.276595742,0.258957958,0.313306311,1
580,458583.646,4400078.335,-1.348194639,-5.035887518,-1.824662338,1676356925,5.183333397,-0.297872335,0.165740837,0.231370472,1
581,458583.5284,4400077.893,-1.330854582,-5.013882842,-1.824839083,1676356925,5.152777672,-0.319148928,0.272128105,0.307029669,1
582,458583.3891,4400077.374,-1.341163256,-4.966788004,-1.824730905,1676356925,5.11944437,-0.361702114,-0.131000602,0.502008074,1
583,458583.2489,4400076.859,-1.346693175,-4.928091736,-1.824110094,1676356926,5.069444656,-0.361702114,0.080469836,0.413156031,1
584,458583.0964,4400076.309,-1.331384627,-4.896327489,-1.823985427,1676356926,5.038888931,-0.489361703,0.071928445,0.278638497,1
585,458582.967,4400075.841,-1.313225131,-4.870435839,-1.824173912,1676356926,5.00555563,-0.659574449,0.215504332,0.250386603,1
586,458582.8285,4400075.337,-1.300214396,-4.838827283,-1.824485468,1676356926,4.983333111,-0.659574449,0.097605037,0.297682887,1
587,458582.7122,4400074.913,-1.292939706,-4.814036356,-1.824694542,1676356926,4.949999809,-0.574468076,0.061230983,0.295413584,1
588,458582.5858,4400074.454,-1.292670856,-4.78328431,-1.824877137,1676356926,4.925000191,-0.425531924,-0.04995497,0.256282385,1
589,458582.4416,4400073.917,-1.279422549,-4.756065216,-1.824612909,1676356926,4.888888836,-0.297872335,0.080000147,0.343936224,1
590,458582.3079,4400073.424,-1.270343666,-4.72575857,-1.824403802,1676356926,4.863888741,-0.276595742,0.168737466,0.299541143,1
591,458582.1961,4400073.008,-1.255985962,-4.702240124,-1.824367337,1676356926,4.830555439,-0.276595742,0.144483097,0.277863695,1
592,458582.0547,4400072.483,-1.248749304,-4.668883306,-1.824264829,1676356926,4.800000191,-0.297872335,0.088376454,0.36512519,1
593,458581.9344,4400072.036,-1.239177522,-4.641925713,-1.824190635,1676356927,4.769444466,-0.361702114,0.106277565,0.330698709,1
594,458581.8239,4400071.629,-1.23121052,-4.615498693,-1.824211692,1676356927,4.74444437,-0.446808517,0.05298117,0.288029102,1
595,458581.7035,4400071.189,-1.22792435,-4.585737974,-1.824270591,1676356927,4.697222233,-0.53191489,0.073805594,0.29427407,1
596,458581.574,4400070.714,-1.216232211,-4.557089918,-1.82428561,1676356927,4.675000191,-0.638297856,0.058694483,0.309792347,1
597,458581.4356,4400070.206,-1.209042602,-4.523786169,-1.824483491,1676356927,4.638888836,-0.702127635,0.083643024,0.271900808,1
598,458581.3175,4400069.774,-1.200853189,-4.496929348,-1.824722424,1676356927,4.613888741,-0.744680822,0.183774093,0.320630198,1
599,458581.1918,4400069.308,-1.197803297,-4.461223808,-1.824773795,1676356927,4.580555439,-0.787234068,-0.050453363,0.30176061,1
600,458581.0944,4400068.955,-1.186544405,-4.438185899,-1.824950758,1676356927,4.552777767,-0.829787254,0.177194567,0.310338704,1
601,458580.9691,4400068.497,-1.179303278,-4.408713707,-1.825344422,1676356927,4.525000095,-0.851063848,0.000361548,0.282205988,1
602,458580.8537,4400068.077,-1.174545652,-4.385650789,-1.825708608,1676356927,4.491666794,-0.851063848,0.096908846,0.19305259,1
603,458580.7293,4400067.624,-1.171544324,-4.363271957,-1.826089159,1676356928,4.472222328,-0.808510661,-0.026032327,0.208404329,1
604,458580.5856,4400067.104,-1.169374239,-4.339518872,-1.826376455,1676356928,4.449999809,-0.702127635,0.185056677,0.108441879,1
605,458580.4717,4400066.688,-1.16252425,-4.329134903,-1.826631672,1676356928,4.433333397,-0.638297856,-0.046209919,-0.019480587,1
606,458580.348,4400066.239,-1.167575238,-4.330106193,-1.826816229,1676356928,4.430555344,-0.46808511,0.036044982,0.038368946,1
607,458580.2338,4400065.824,-1.165574067,-4.326721481,-1.826792238,1676356928,4.425000191,-0.361702114,0.028613703,0.019743504,1
608,458580.1197,4400065.41,-1.165964826,-4.330581268,-1.826642063,1676356928,4.422222137,-0.276595742,-0.007107109,-0.026106102,1
609,458579.998,4400064.96,-1.162696923,-4.328074318,-1.826399693,1676356928,4.427777767,-0.191489369,-0.056056717,-0.070269884,1
610,458579.9035,4400064.617,-1.164862017,-4.334926584,-1.826199024,1676356928,4.433333397,-0.170212761,-0.056332784,-0.160193706,1
611,458579.7616,4400064.1,-1.161320766,-4.347043345,-1.825985742,1676356928,4.441666603,-0.170212761,-0.01021932,-0.12521599,1
612,458579.6673,4400063.756,-1.161845678,-4.358257783,-1.825819852,1676356928,4.452777863,-0.170212761,0.011914974,-0.162324186,1
613,458579.5347,4400063.271,-1.169065685,-4.371081517,-1.825526049,1676356929,4.458333492,-0.170212761,-0.028277571,-0.190552632,1
614,458579.4012,4400062.781,-1.16985893,-4.390740422,-1.825201455,1676356929,4.477777958,-0.191489369,-0.000438232,-0.135751826,1
615,458579.3056,4400062.43,-1.173537508,-4.403652896,-1.825020851,1676356929,4.497222424,-0.212765962,-0.067781027,-0.155244855,1
616,458579.1618,4400061.901,-1.174215101,-4.426255397,-1.824825398,1676356929,4.511111259,-0.276595742,0.045443516,-0.212112418,1
617,458579.0469,4400061.476,-1.175566864,-4.446117736,-1.824716456,1676356929,4.536110878,-0.404255331,-0.2050035,-0.169613906,1
618,458578.9311,4400061.049,-1.188527218,-4.464511303,-1.824664465,1676356929,4.552777767,-0.425531924,-0.06203418,-0.225236714,1
619,458578.8054,4400060.584,-1.192623814,-4.487022652,-1.824151706,1676356929,4.577777863,-0.553191483,-0.079079704,-0.239425143,1
620,458578.7069,4400060.226,-1.196027065,-4.504399419,-1.82416673,1676356929,4.602777958,-0.723404229,0.05579099,-0.239036108,1
621,458578.5693,4400059.722,-1.199685798,-4.532623525,-1.824541758,1676356929,4.622222424,-0.808510661,-0.094171635,-0.217088468,1
622,458578.4406,4400059.251,-1.208674082,-4.558389313,-1.824840215,1676356929,4.644444466,-0.893617034,-0.013150712,-0.289924602,1
623,458578.3211,4400058.814,-1.212771043,-4.583626822,-1.825245188,1676356930,4.666666508,-0.93617022,-0.041823059,-0.273944942,1
624,458578.2118,4400058.41,-1.226004607,-4.608596731,-1.825522205,1676356930,4.705555439,-0.93617022,-0.276938522,-0.205144158,1
625,458578.0706,4400057.894,-1.235578027,-4.637705109,-1.8258669,1676356930,4.730555534,-0.93617022,0.039402748,-0.259179774,1
626,458577.9596,4400057.485,-1.240599687,-4.662576116,-1.826296205,1676356930,4.758333206,-0.957446814,-0.160270893,-0.242048038,1
627,458577.8171,4400056.962,-1.248821923,-4.699566992,-1.826760374,1676356930,4.788888931,-0.957446814,0.069103802,-0.436094679,1
628,458577.6841,4400056.473,-1.262466646,-4.729275655,-1.827284866,1676356930,4.813889027,-0.93617022,-0.219793094,-0.297832669,1
629,458577.5595,4400056.016,-1.273295748,-4.759184069,-1.827455785,1676356930,4.849999905,-0.893617034,-0.000923393,-0.339307537,1
630,458577.4219,4400055.52,-1.290772927,-4.787177061,-1.827871554,1676356930,4.883333206,-0.872340441,-0.235815107,-0.284457482,1
631,458577.3039,4400055.098,-1.295706071,-4.814583935,-1.828105376,1676356930,4.911110878,-0.808510661,0.094464178,-0.309032505,1
632,458577.1436,4400054.519,-1.30380183,-4.850443926,-1.828424334,1676356930,4.944444656,-0.787234068,-0.219788673,-0.2881739,1
633,458577.0137,4400054.053,-1.314923702,-4.877680795,-1.828717575,1676356931,4.977777958,-0.702127635,-0.10214181,-0.235280824,1
634,458576.8849,4400053.584,-1.315366612,-4.913962106,-1.829038669,1676356931,5.008333206,-0.595744669,-0.182027303,-0.272729924,1
635,458576.744,4400053.072,-1.337370041,-4.943660201,-1.828921998,1676356931,5.041666508,-0.489361703,-0.052001288,-0.288680344,1
636,458576.6023,4400052.557,-1.337458226,-4.97965608,-1.828812553,1676356931,5.074999809,-0.425531924,-0.067889337,-0.336153474,1
637,458576.471,4400052.079,-1.346570279,-5.010208155,-1.828866979,1676356931,5.105555534,-0.425531924,-0.102772504,-0.354606076,1
638,458576.3387,4400051.597,-1.35437292,-5.040798236,-1.828867555,1676356931,5.138888836,-0.446808517,-0.128336413,-0.251958486,1
639,458576.2025,4400051.11,-1.376980278,-5.080839169,-1.828812441,1676356931,5.177777767,-0.510638297,0.080055425,-0.442024116,1
640,458576.0535,4400050.58,-1.379232637,-5.12124067,-1.829015278,1676356931,5.219444275,-0.553191483,-0.13703044,-0.352711151,1
641,458575.9147,4400050.087,-1.389668549,-5.157104978,-1.829189346,1676356931,5.263888836,-0.553191483,-0.018526782,-0.377473538,1
642,458575.857,4400049.88,-1.391824421,-5.173416476,-1.829241559,1676356931,5.269444466,-0.553191483,-0.097136988,-0.341637887,1
643,458575.611,4400049.007,-1.416432143,-5.230867386,-1.829240284,1676356932,5.327777863,-0.46808511,-0.000525193,-0.383193916,1
644,458575.4718,4400048.504,-1.423652901,-5.267250729,-1.829200629,1676356932,5.361111164,-0.446808517,-0.1754932,-0.351737765,1
645,458575.3317,4400047.998,-1.437194745,-5.301752434,-1.829070921,1676356932,5.405555725,-0.425531924,-0.047199856,-0.350673127,1
646,458575.1673,4400047.403,-1.44267527,-5.343832293,-1.829109699,1676356932,5.449999809,-0.446808517,-0.107715272,-0.334370634,1
647,458575.0252,4400046.889,-1.457264434,-5.3776913,-1.829183762,1676356932,5.483333111,-0.510638297,-0.009615903,-0.402888528,1
648,458574.8946,4400046.415,-1.457586588,-5.413774561,-1.829255634,1676356932,5.525000095,-0.723404229,-0.144449559,-0.376604167,1
649,458574.738,4400045.849,-1.481989769,-5.452072857,-1.829034579,1676356932,5.552777767,-0.872340441,-0.045792948,-0.362048761,1
650,458574.5768,4400045.282,-1.49518197,-5.488005984,-1.829598322,1676356932,5.602777958,-1.191489339,-0.342676521,-0.284939171,1
651,458574.3887,4400044.623,-1.509513352,-5.527890502,-1.83035221,1676356932,5.633333206,-1.446808457,-0.056234459,-0.312540208,1
652,458574.2363,4400044.093,-1.529931778,-5.560246411,-1.831305627,1676356932,5.672222137,-1.702127695,-0.151843004,-0.382153288,1
653,458574.07,4400043.514,-1.538156275,-5.598634928,-1.832684122,1676356933,5.711111069,-1.808510661,-0.036849576,-0.372550258,1
654,458573.9163,4400042.976,-1.559502551,-5.628611538,-1.834102957,1676356933,5.75,-1.872340441,-0.140842693,-0.322456158,1
655,458573.7888,4400042.526,-1.569931297,-5.657499107,-1.835264815,1676356933,5.786110878,-1.829787254,-0.170037581,-0.359035371,1
656,458573.5953,4400041.845,-1.593327133,-5.702784104,-1.837013681,1676356933,5.830555439,-1.851063848,-0.135674343,-0.392128355,1
657,458573.4256,4400041.251,-1.612910071,-5.740048585,-1.838547836,1676356933,5.86944437,-2,-0.307703064,-0.35847131,1
658,458573.2671,4400040.699,-1.636795838,-5.775777486,-1.83979684,1676356933,5.902777672,-2.191489458,-0.275954607,-0.358853327,1
659,458573.0785,4400040.05,-1.660195833,-5.815448681,-1.841970244,1676356933,5.941666603,-2.680850983,-0.185017512,-0.383124936,1
660,458572.9143,4400039.492,-1.675333515,-5.855929918,-1.844441227,1676356933,5.988888741,-3.297872305,-0.083673986,-0.428562713,1
661,458572.7347,4400038.883,-1.70688626,-5.895511057,-1.847998418,1676356933,6.038888931,-3.957446814,-0.350328835,-0.354888723,1
662,458572.5656,4400038.317,-1.738334368,-5.927369289,-1.851887095,1676356933,6.077777863,-4.40425539,-0.480997831,-0.242141234,1
663,458572.3784,4400037.701,-1.779198053,-5.958508979,-1.856621055,1676356934,6.11944437,-4.893617153,-0.148877852,-0.286838022,1
664,458572.203,4400037.129,-1.819325368,-5.988649377,-1.861694736,1676356934,6.172222137,-5.297872543,-0.5716396,-0.288091947,1
665,458572.0084,4400036.505,-1.854755927,-6.024171427,-1.867621454,1676356934,6.199999809,-5.617021084,-0.29768735,-0.317748654,1
666,458571.8248,4400035.927,-1.908424357,-6.049749462,-1.873491792,1676356934,6.238888741,-5.80851078,-0.496661572,-0.246375795,1
667,458571.6204,4400035.298,-1.961942163,-6.077099411,-1.879996063,1676356934,6.291666508,-5.936170101,-0.649611556,-0.195197956,1
668,458571.427,4400034.712,-2.016552341,-6.10232397,-1.885531562,1676356934,6.327777863,-6.042553425,-0.47142837,-0.26281102,1
669,458571.2102,4400034.077,-2.069886314,-6.130687227,-1.892341725,1676356934,6.366666794,-6.106382847,-0.5551718,-0.284794672,1
670,458571.0049,4400033.489,-2.118901355,-6.15768767,-1.898689831,1676356934,6.408333302,-6.127659798,-0.59075535,-0.270595084,1
671,458570.7765,4400032.849,-2.184623132,-6.181616496,-1.905657366,1676356934,6.452777863,-6.170212746,-0.599550337,-0.336512862,1
672,458570.5604,4400032.255,-2.229072739,-6.207048387,-1.912227148,1676356934,6.486111164,-6.297872543,-0.447036216,-0.288802705,1
673,458570.3213,4400031.61,-2.282406476,-6.233611287,-1.91956406,1676356935,6.533333302,-6.340425491,-0.539641806,-0.28426104,1
674,458570.096,4400031.012,-2.3483008,-6.256538889,-1.926436078,1676356935,6.574999809,-6.319149017,-0.685097429,-0.222337295,1
675,458569.8446,4400030.362,-2.423615367,-6.271946559,-1.933630658,1676356935,6.608333111,-6.319149017,-0.781246109,-0.091308929,1
676,458569.6062,4400029.76,-2.466826718,-6.289526308,-1.940359763,1676356935,6.650000095,-6.319149017,-0.225268754,-0.24576455,1
677,458569.344,4400029.107,-2.518569356,-6.303379262,-1.94796819,1676356935,6.691666603,-6.021276474,-0.636083932,-0.099027043,1
678,458569.097,4400028.501,-2.57683848,-6.317436708,-1.954152453,1676356935,6.719444275,-4.382978916,-0.679901591,-0.126493425,1
679,458568.8215,4400027.845,-2.654651195,-6.330158152,-1.958700434,1676356935,6.763888836,-3.723404169,-0.492304681,-0.206257498,1
680,458568.5623,4400027.239,-2.674991632,-6.362590296,-1.96224601,1676356935,6.794444561,-4,-0.072058362,-0.390775085,1
681,458568.2794,4400026.577,-2.70966897,-6.395397357,-1.967250032,1676356935,6.836111069,-4.382978916,-0.473778631,-0.292706941,1
682,458568.0144,4400025.964,-2.743485855,-6.422031132,-1.972329492,1676356935,6.875,-5.361701965,-0.285023638,-0.263157172,1
683,458567.7228,4400025.298,-2.804127008,-6.442288951,-1.979050019,1676356936,6.922222137,-6.319149017,-0.684497388,-0.169979718,1
684,458567.4706,4400024.732,-2.861862728,-6.455618734,-1.985660939,1676356936,6.949999809,-7.085106373,-0.729079851,-0.146731478,1
685,458567.1412,4400024.01,-2.946319667,-6.465331114,-1.99524745,1676356936,7.002777576,-7.765957355,-0.503739707,-0.212806982,1
686,458566.8767,4400023.443,-3.00281646,-6.47397631,-2.00376796,1676356936,7.047222137,-8.297872543,-0.827469884,-0.06837979,1
687,458566.5567,4400022.771,-3.081475387,-6.48038106,-2.014335088,1676356936,7.072222233,-8.382978439,-0.69050115,-0.099187457,1
688,458566.2291,4400022.098,-3.158929087,-6.484729686,-2.024890949,1676356936,7.116666794,-7.893617153,-0.858836045,-0.014559345,1
689,458565.9176,4400021.478,-3.259568139,-6.466818304,-2.033526463,1676356936,7.152777672,-6.553191662,-1.02383294,0.11887438,1
690,458565.5972,4400020.86,-3.331945842,-6.462443183,-2.040467564,1676356936,7.172222137,-5.021276474,-0.648755724,-0.055789598,1
691,458565.2435,4400020.19,-3.387036632,-6.473047277,-2.046040875,1676356936,7.194444656,-3.489361763,-0.520595519,-0.042231386,1
692,458564.913,4400019.571,-3.412136361,-6.490463212,-2.049366718,1676356936,7.233333111,-1.340425491,-0.18516676,-0.245266977,1
693,458564.5521,4400018.898,-3.453653174,-6.502644859,-2.049815908,1676356937,7.25555563,1.021276593,-0.346397806,-0.100996225,1
694,458564.217,4400018.275,-3.457059474,-6.523678827,-2.047136221,1676356937,7.283333302,3.170212746,-0.081626165,-0.202814404,1
695,458563.8538,4400017.597,-3.454412141,-6.552575736,-2.041564198,1676356937,7.305555344,4.680850983,0.266045811,-0.513788509,1
696,458563.5209,4400016.968,-3.407930347,-6.60014208,-2.034844226,1676356937,7.322222233,5.489361763,0.513217332,-0.499132634,1
697,458563.1378,4400016.228,-3.359689002,-6.650150849,-2.02603939,1676356937,7.352777958,5.80851078,0.594160497,-0.445393553,1
698,458562.8418,4400015.642,-3.309436178,-6.685590114,-2.019125733,1676356937,7.372222424,5.829787254,0.424577686,-0.332090303,1
699,458562.4946,4400014.949,-3.270821496,-6.713411078,-2.010651729,1676356937,7.386111259,5.40425539,0.48524925,-0.335408851,1
700,458562.1786,4400014.306,-3.216515723,-6.741475115,-2.003600367,1676356937,7.397222042,3.765957355,0.502768431,-0.187472986,1
701,458561.8419,4400013.608,-3.163547369,-6.757461149,-1.998494921,1676356937,7.391666889,2.148936272,0.45744658,-0.015789672,1
702,458561.535,4400012.963,-3.133939307,-6.746251505,-1.99578999,1676356937,7.36944437,1.021276593,0.218717985,0.111226271,1
703,458561.2054,4400012.265,-3.109335538,-6.737578082,-1.99414581,1676356938,7.358333111,0.297872335,0.081317467,0.070477919,1
704,458560.9037,4400011.621,-3.103447648,-6.732683575,-1.993637682,1676356938,7.341666698,-1.042553186,0.16233277,-0.044369886,1
705,458560.5786,4400010.923,-3.073020579,-6.725874335,-1.995240886,1676356938,7.341666698,-2.553191423,0.363899351,0.135680553,1
706,458560.2802,4400010.28,-3.085318214,-6.690703388,-1.998198706,1676356938,7.319444656,-1.319148898,-0.358757841,0.326398124,1
707,458559.9536,4400009.589,-3.132710066,-6.647365753,-1.998722535,1676356938,7.291666508,2.680850983,-0.602034395,0.564846366,1
708,458559.6482,4400008.954,-3.140191145,-6.613709132,-1.993709943,1676356938,7.266666889,5.936170101,0.462069576,0.134056444,1
709,458559.3192,4400008.265,-3.059668469,-6.628188119,-1.983277963,1676356938,7.241666794,9.234042168,1.073100901,-0.169224775,1
710,458559.0009,4400007.576,-2.935450323,-6.648789775,-1.96992629,1676356938,7.219444275,10.51063824,1.239388534,-0.206971661,1
711,458558.7182,4400006.938,-2.840648375,-6.660724809,-1.956332695,1676356938,7.191666603,10.08510685,0.84113861,-0.076643363,1
712,458558.4221,4400006.245,-2.725885225,-6.676838874,-1.942299371,1676356938,7.177777767,9.127659798,1.088238119,-0.199377401,1
713,458558.1375,4400005.552,-2.640170528,-6.675429483,-1.930164669,1676356939,7.144444466,8.148936272,0.694637548,0.028575749,1
714,458557.8844,4400004.913,-2.560793685,-6.672783792,-1.919806425,1676356939,7.105555534,7.978723526,0.889286279,-0.010965915,1
715,458557.6187,4400004.221,-2.478797036,-6.666656949,-1.908687781,1676356939,7.063889027,7.893617153,0.794435627,0.078643927,1
716,458557.3816,4400003.582,-2.386135681,-6.666292972,-1.898827437,1676356939,7.038888931,6.957446575,1.029658037,-0.07217104,1
717,458557.1343,4400002.891,-2.307991686,-6.659880886,-1.889503853,1676356939,7.00555563,6.276595592,0.545555816,0.119904685,1
718,458556.9124,4400002.252,-2.250951813,-6.650370385,-1.881595103,1676356939,6.969444275,5.659574509,0.725388615,0.050993496,1
719,458556.6782,4400001.562,-2.184402618,-6.637915012,-1.873989654,1676356939,6.938889027,5.340425491,0.497068934,0.18279632,1
720,458556.4843,4400000.979,-2.146228565,-6.623948781,-1.867704384,1676356939,6.902777672,4.723404408,0.470194559,0.070507695,1
721,458556.2437,4400000.239,-2.077391831,-6.612358015,-1.860604675,1676356939,6.86944437,4.170212746,0.490946763,0.12520064,1
722,458556.0428,4399999.607,-2.033801447,-6.591327275,-1.855194825,1676356939,6.855555534,3.808510542,0.421441335,0.141912104,1
723,458555.83,4399998.923,-1.984366974,-6.571548446,-1.850178043,1676356940,6.813889027,3.446808577,0.324844239,0.149944503,1
724,458555.6377,4399998.295,-1.954753578,-6.55219646,-1.845780325,1676356940,6.786110878,3.021276712,0.344583915,0.176045078,1
725,458555.4338,4399997.615,-1.898116305,-6.533233233,-1.841533469,1676356940,6.758333206,2.808510542,0.374454571,0.299366086,1
726,458555.2495,4399996.991,-1.877419172,-6.507648589,-1.837964413,1676356940,6.727777958,2.680850983,0.055340639,0.282307467,1
727,458555.0518,4399996.317,-1.847619211,-6.47899313,-1.833958716,1676356940,6.694444656,2.531914949,0.46735178,0.291035812,1
728,458554.8736,4399995.695,-1.81175256,-6.45885976,-1.830523461,1676356940,6.663888931,2.276595831,0.215604781,0.284062148,1
729,458554.6849,4399995.026,-1.764366221,-6.433253611,-1.827370163,1676356940,6.61944437,2.042553186,0.355615926,0.242557033,1
730,458554.5141,4399994.41,-1.746473882,-6.412868097,-1.824741403,1676356940,6.591666698,1.659574509,0.15413534,0.248510947,1
731,458554.3312,4399993.746,-1.723337053,-6.378194763,-1.82237824,1676356940,6.558333397,1.489361644,0.052441994,0.289183904,1
732,458554.1639,4399993.136,-1.71545068,-6.349386858,-1.820331493,1676356940,6.522222042,1.404255271,-0.039385709,0.222333418,1
733,458553.9838,4399992.478,-1.686272586,-6.324454597,-1.818115183,1676356941,6.486111164,1.170212746,0.43920765,0.135307763,1
734,458553.8208,4399991.873,-1.649627181,-6.301746151,-1.816760479,1676356941,6.461111069,0.978723407,0.110779026,0.266841962,1
735,458553.6455,4399991.221,-1.652457586,-6.266967435,-1.815069207,1676356941,6.430555344,0.93617022,0.07636084,0.315156799,1
736,458553.4842,4399990.621,-1.640693725,-6.241318508,-1.813381191,1676356941,6.397222042,0.893617034,0.119527791,0.242890502,1
737,458553.3115,4399989.975,-1.607261021,-6.200502199,-1.811786164,1676356941,6.355555534,0.787234068,0.473789307,0.417679633,1
738,458553.1562,4399989.381,-1.575779941,-6.165162739,-1.809904739,1676356941,6.313889027,0.510638297,0.328614003,0.356099375,1
739,458552.9908,4399988.744,-1.564821317,-6.122302052,-1.809168619,1676356941,6.288888931,0.382978737,0.106039285,0.507648801,1
740,458552.8396,4399988.16,-1.545552446,-6.079161764,-1.808239343,1676356941,6.230555534,0.382978737,0.254559725,0.374754203,1
741,458552.6769,4399987.532,-1.537001631,-6.035772596,-1.807375888,1676356941,6.197222233,0.319148928,0.330514855,0.359397339,1
742,458552.5294,4399986.957,-1.514388183,-5.993160705,-1.80710893,1676356941,6.150000095,0.191489369,-0.375696529,0.852777196,1
743,458552.3686,4399986.34,-1.513477992,-5.927491958,-1.806028478,1676356942,6.094444275,0.063829787,0.539293092,0.214555162,1
744,458552.2232,4399985.774,-1.46353083,-5.869595122,-1.805821544,1676356942,6.033333302,-0.04255319,0.091766522,0.565880594,1
745,458552.0681,4399985.169,-1.451837762,-5.788431373,-1.805774078,1676356942,5.983333111,-0.08510638,0.35568961,0.717403485,1
746,458551.9266,4399984.618,-1.437171147,-5.719615635,-1.805529347,1676356942,5.894444466,-0.106382981,0.125391824,0.614091987,1
747,458551.775,4399984.029,-1.418362033,-5.630059088,-1.805052624,1676356942,5.819444656,-0.148936167,0.279940083,1.031619606,1
748,458551.6264,4399983.448,-1.385266754,-5.527178937,-1.805108684,1676356942,5.727777958,-0.361702114,0.388427616,1.120441287,1
749,458551.4843,4399982.879,-1.351928024,-5.429376983,-1.805159899,1676356942,5.622222424,-0.808510661,0.185716966,1.103205502,1
750,458551.3667,4399982.405,-1.326899541,-5.343602952,-1.805613271,1676356942,5.547222137,-1.042553186,0.31844809,0.945415455,1
751,458551.2301,4399981.856,-1.303644245,-5.236175414,-1.806245605,1676356942,5.436110973,-1.042553186,0.17643137,1.101239927,1
752,458551.1165,4399981.4,-1.279478282,-5.143412302,-1.806607398,1676356942,5.330555439,-1.021276593,0.294388287,1.038014588,1
753,458550.9532,4399980.752,-1.263879392,-5.005885796,-1.806974963,1676356943,5.194444656,-1.021276593,0.223705534,1.064252666,1
754,458550.8211,4399980.238,-1.227094819,-4.895914716,-1.807407103,1676356943,5.102777958,-1.021276593,0.293153346,1.066543613,1
755,458550.7117,4399979.812,-1.207388734,-4.80382707,-1.807691325,1676356943,4.983333111,-1.042553186,0.237136395,1.023684276,1
756,458550.5751,4399979.28,-1.183416676,-4.720764014,-1.808110711,1676356943,4.891666889,-1.042553186,0.258817957,0.347637513,1
757,458550.4595,4399978.828,-1.177611937,-4.704377524,-1.80881078,1676356943,4.844444275,-0.978723407,-0.035820677,0.227595701,1
758,458550.3348,4399978.34,-1.182053153,-4.668916599,-1.80945194,1676356943,4.800000191,-0.978723407,0.040397568,0.418905173,1
759,458550.2281,4399977.931,-1.175011165,-4.641972821,-1.809731793,1676356943,4.763888836,-0.957446814,0.050367051,0.323427148,1
760,458550.0935,4399977.413,-1.162315288,-4.608208635,-1.81028886,1676356943,4.727777958,-0.93617022,0.075406902,0.250615213,1
761,458549.9885,4399977.01,-1.159152605,-4.577267262,-1.810839168,1676356943,4.691666603,-0.93617022,0.066516427,0.347551193,1
762,458549.8647,4399976.536,-1.154629091,-4.544795696,-1.811144593,1676356943,4.658333302,-0.872340441,0.008843656,0.080721454,1
763,458549.7419,4399976.066,-1.133532535,-4.515706972,-1.811373011,1676356944,4.638888836,-1.042553186,0.497993782,0.169940786,1
764,458549.6315,4399975.635,-1.123123331,-4.484583797,-1.812174904,1676356944,4.602777958,-1.404255271,0.053446022,0.318437077,1
765,458549.5122,4399975.171,-1.124396464,-4.449981675,-1.813058771,1676356944,4.561110973,-1.425531864,-0.031333948,0.303318735,1
766,458549.4016,4399974.746,-1.13491595,-4.418950904,-1.813706352,1676356944,4.538888931,-1.468085051,-0.115825537,0.336981426,1
767,458549.2811,4399974.289,-1.131484814,-4.386716277,-1.814283593,1676356944,4.511111259,-1.510638356,0.197654754,0.267087633,1
768,458549.1642,4399973.833,-1.103151264,-4.346048971,-1.814992054,1676356944,4.483333111,-1.574468136,0.052887798,0.50899201,1
769,458549.0674,4399973.452,-1.08636037,-4.321448733,-1.816157487,1676356944,4.427777767,-1.702127695,0.378669924,0.334360985,1
770,458548.9467,4399972.97,-1.077610436,-4.285398068,-1.817672444,1676356944,4.405555725,-2.489361763,-0.140847802,0.310028452,1
771,458548.8429,4399972.561,-1.082620518,-4.248368924,-1.819185189,1676356944,4.36944437,-2.872340441,-0.079833239,0.287724931,1
772,458548.7303,4399972.121,-1.082049865,-4.211049651,-1.821441645,1676356944,4.336111069,-3.085106373,0.020343409,0.389169723,1
773,458548.6345,4399971.752,-1.084045606,-4.177523105,-1.823286857,1676356945,4.294444561,-3.829787254,0.055901469,0.374695966,1
774,458548.5111,4399971.287,-1.073229531,-4.140931692,-1.826291618,1676356945,4.258333206,-3.893616915,0.046565376,0.327773695,1
775,458548.4057,4399970.892,-1.083615452,-4.105735363,-1.82915456,1676356945,4.224999905,-3.723404169,-0.151416055,0.425506148,1
776,458548.2907,4399970.468,-1.079186265,-4.067777234,-1.831637506,1676356945,4.188889027,-3.765957355,0.173641381,0.31481005,1
777,458548.1853,4399970.08,-1.078319764,-4.037743358,-1.834028599,1676356945,4.155555725,-3.957446814,-0.09801891,0.372628715,1
778,458548.078,4399969.693,-1.096671751,-4.004375578,-1.836613457,1676356945,4.125,-4.702127457,0.11647851,0.258444624,1
779,458547.9564,4399969.28,-1.087350541,-3.970014987,-1.840311194,1676356945,4.094444275,-6.170212746,0.09304709,0.36733174,1
780,458547.8354,4399968.871,-1.09827402,-3.93347184,-1.845146031,1676356945,4.072222233,-7.276595592,-0.209361154,0.392489172,1
781,458547.7218,4399968.497,-1.108599852,-3.903346655,-1.85067915,1676356945,4.038888931,-8.787234306,-0.166478923,0.348526117,1
782,458547.5978,4399968.095,-1.129742958,-3.866905081,-1.857529547,1676356945,4.011111259,-9.893616676,-0.227065132,0.351064056,1
783,458547.4828,4399967.726,-1.140600123,-3.83782725,-1.864632192,1676356946,3.988888979,-10.93617058,-0.101989762,0.315652939,1
784,458547.3614,4399967.33,-1.157505015,-3.803722113,-1.873118392,1676356946,3.963888884,-11.7446804,-0.20196162,0.373110509,1
785,458547.2474,4399966.967,-1.178207747,-3.777159714,-1.881504293,1676356946,3.947222233,-13.04255295,-0.240546316,0.18431541,1
786,458547.1219,4399966.576,-1.194191684,-3.7479348,-1.891580684,1676356946,3.919444561,-14.23404217,-0.280883735,0.325656307,1
787,458547.0035,4399966.219,-1.235327891,-3.716763237,-1.901810003,1676356946,3.897222281,-15.48936176,-0.408269387,0.292314092,1
788,458546.87,4399965.832,-1.289612699,-3.697829585,-1.913584135,1676356946,3.891666651,-16.27659607,-0.429568675,0.038038411,1
789,458546.7605,4399965.538,-1.321846735,-3.689804432,-1.923089366,1676356946,3.891666651,-17.06382942,-0.334524408,0.133776886,1
790,458546.7605,4399965.538,-1.321846735,-3.689804432,-1.923089366,1676356946,3.891666651,-17.06382942,-0.334524408,0.133776886,1
791,458546.7605,4399965.538,-1.321846735,-3.689804432,-1.923089366,1676356946,3.891666651,-17.06382942,-0.334524408,0.133776886,1
792,458546.7605,4399965.538,-1.321846735,-3.689804432,-1.923089366,1676356946,3.891666651,-17.06382942,-0.334524408,0.133776886,1
793,458546.7605,4399965.538,-1.321846735,-3.689804432,-1.923089366,1676356946,3.891666651,-17.06382942,-0.334524408,0.133776886,1
794,458546.7605,4399965.538,-1.321846735,-3.689804432,-1.923089366,1676356946,3.891666651,-17.06382942,-0.334524408,0.133776886,1
